split,day,underlying,protocol,opt,strike,lots,entry,stop,target,exit_price,action,entry_charge,exit_charge,net
train,2025-02-11,SENSEX,ALPHA,CE,76800.0,4,286.31,214.73,393.67,264.57,THESIS_BROKEN,33.09,63.49,-1835.58
train,2025-02-12,NIFTY,GAMMA,PE,23100.0,2,129.89,97.42,178.6,150.1,THESIS_BROKEN,32.37,66.83,2931.96
train,2025-02-17,SENSEX,ALPHA,CE,75400.0,2,474.94,356.2,653.04,550.04,THESIS_BROKEN,31.47,65.06,2907.47
train,2025-02-18,SENSEX,ALPHA,CE,75400.0,4,283.49,212.62,389.8,327.55,THESIS_BROKEN,33.0,73.0,3418.96
train,2025-02-18,SENSEX,GAMMA,PE,76000.0,4,274.08,205.56,376.85,374.97,TARGET,32.7,80.14,7958.7
train,2025-02-18,NIFTY,ALPHA,CE,22800.0,2,177.76,133.32,244.42,243.2,TARGET,35.61,93.66,9686.41
train,2025-02-19,NIFTY,BETA,CE,22850.0,2,168.39,126.29,231.53,168.01,THESIS_BROKEN,34.99,72.01,-164.34
train,2025-02-19,NIFTY,BETA,CE,22850.0,2,163.15,122.36,224.33,223.21,TARGET,34.61,87.9,8886.54
train,2025-02-24,BANKNIFTY,GAMMA,PE,48700.0,6,352.22,264.17,484.3,424.77,THESIS_BROKEN,37.87,97.01,6394.21
train,2025-02-24,BANKEX,BETA,CE,55100.0,2,412.02,309.01,566.52,427.8,THESIS_BROKEN,33.84,71.98,841.23
train,2025-02-24,SENSEX,ALPHA,CE,74300.0,3,474.58,355.94,652.55,488.15,THESIS_BROKEN,35.4,78.8,699.58
train,2025-02-24,BANKEX,ALPHA,PE,55600.0,4,257.53,193.15,354.11,234.32,THESIS_BROKEN,36.41,76.6,-2898.15
train,2025-02-24,BANKNIFTY,ALPHA,CE,48300.0,5,443.87,332.9,610.32,552.72,THESIS_BROKEN,38.6,103.21,8021.98
train,2025-02-24,NIFTY,ALPHA,PE,22700.0,3,115.15,86.36,158.33,157.54,TARGET,35.28,91.68,9410.53
train,2025-02-24,SENSEX,GAMMA,PE,74700.0,6,256.78,192.59,353.08,251.24,THESIS_BROKEN,36.37,80.42,-782.37
train,2025-02-25,SENSEX,ALPHA,CE,74400.0,7,256.26,192.19,352.35,350.59,TARGET,38.49,116.1,13052.2
train,2025-02-27,NIFTY,ALPHA,CE,22400.0,4,121.62,91.21,167.22,166.39,TARGET,40.03,119.46,13271.48
train,2025-02-27,BANKNIFTY,ALPHA,CE,48700.0,16,174.86,131.14,240.43,130.49,STOP,42.5,83.75,-10774.98
train,2025-03-04,BANKEX,ALPHA,PE,55000.0,1,692.3,519.22,951.91,692.82,DAYLIGHT,32.21,62.77,-79.31
train,2025-03-03,NIFTY,ALPHA,CE,21900.0,2,195.62,146.72,268.98,231.34,THESIS_BROKEN,36.82,90.24,5229.96
train,2025-03-03,NIFTY,BETA,CE,22000.0,2,189.24,141.93,260.21,258.91,TARGET,36.38,98.17,10315.27
train,2025-03-03,NIFTY,BETA,CE,22000.0,3,176.0,132.0,242.0,214.92,THESIS_BROKEN,41.44,116.47,8599.09
train,2025-03-04,SENSEX,ALPHA,PE,73100.0,9,234.96,176.22,323.07,175.34,STOP,41.14,83.08,-10856.02
train,2025-03-04,SENSEX,ALPHA,PE,73100.0,10,214.41,160.81,294.82,160.0,STOP,41.39,83.91,-11006.71
train,2025-03-05,NIFTY,BETA,CE,22250.0,4,127.91,95.93,175.87,136.56,THESIS_BROKEN,40.88,102.27,2453.57
train,2025-03-07,SENSEX,GAMMA,PE,74600.0,5,388.08,291.06,533.61,458.25,THESIS_BROKEN,39.69,109.97,6867.07
train,2025-03-10,SENSEX,GAMMA,PE,74700.0,7,287.1,215.33,394.76,392.79,TARGET,40.27,127.24,14628.91
train,2025-03-11,SENSEX,ALPHA,PE,74100.0,10,233.9,175.43,321.62,320.01,TARGET,43.0,144.22,17033.96
train,2025-03-11,NIFTY,GAMMA,PE,22550.0,4,157.34,118.01,216.35,117.42,STOP,44.88,91.26,-12113.95
train,2025-03-13,SENSEX,ALPHA,CE,73800.0,5,409.55,307.16,563.13,408.35,THESIS_BROKEN,40.58,100.56,-261.54
train,2025-03-13,NIFTY,ALPHA,CE,22300.0,6,98.56,73.92,135.52,97.61,THESIS_BROKEN,43.57,107.96,-579.26
train,2025-03-17,SENSEX,ALPHA,CE,73800.0,6,351.91,263.93,483.88,359.59,THESIS_BROKEN,41.11,104.92,775.69
train,2025-03-17,NIFTY,BETA,CE,22350.0,3,164.82,123.62,226.63,225.5,TARGET,40.31,121.03,13490.72
train,2025-03-18,NIFTY,BETA,CE,22650.0,4,162.27,121.7,223.12,222.01,TARGET,45.52,151.5,17723.89
train,2025-03-20,NIFTY,ALPHA,PE,23200.0,6,107.27,80.45,147.5,106.86,THESIS_BROKEN,45.35,115.95,-345.35
train,2025-03-25,BANKEX,ALPHA,PE,60100.0,6,277.6,208.2,381.69,207.16,STOP,44.32,93.88,-12817.4
train,2025-03-21,SENSEX,ALPHA,PE,77200.0,7,357.19,267.89,491.14,376.41,THESIS_BROKEN,44.33,122.92,2523.06
train,2025-03-25,BANKEX,ALPHA,PE,60100.0,8,213.97,160.48,294.21,292.74,TARGET,44.89,156.01,18703.53
train,2025-03-21,SENSEX,ALPHA,PE,77200.0,8,355.78,266.84,489.2,486.76,TARGET,47.21,170.38,20738.09
train,2025-03-25,BANKEX,ALPHA,CE,59400.0,8,237.51,178.13,326.58,324.95,TARGET,47.24,170.59,20766.36
train,2025-03-25,BANKEX,ALPHA,CE,59400.0,9,236.24,177.18,324.82,176.29,STOP,50.04,113.31,-16348.47
train,2025-03-25,BANKEX,ALPHA,CE,59400.0,9,214.63,160.97,295.12,160.17,STOP,47.63,105.1,-14857.7
train,2025-03-25,BANKEX,ALPHA,CE,59300.0,7,251.94,188.96,346.42,240.49,THESIS_BROKEN,45.54,118.77,-2569.34
train,2025-03-25,BANKEX,ALPHA,CE,59400.0,8,225.5,169.12,310.06,308.51,TARGET,46.04,163.13,19713.75
train,2025-03-25,BANKEX,ALPHA,CE,59400.0,9,217.8,163.35,299.48,297.98,TARGET,47.98,175.23,21424.75
train,2025-03-25,BANKEX,ALPHA,CE,59400.0,9,234.65,175.99,322.65,175.11,STOP,49.87,112.71,-16239.18
train,2025-03-24,SENSEX,ALPHA,PE,78100.0,9,352.4,264.3,484.54,416.51,THESIS_BROKEN,49.9,164.9,11325.18
train,2025-03-25,SENSEX,BETA,CE,78300.0,10,340.08,255.06,467.6,253.78,STOP,51.8,119.26,-17429.92
train,2025-03-25,FINNIFTY,BETA,CE,25050.0,8,196.59,147.44,270.31,146.71,STOP,51.93,113.76,-16128.96
train,2025-03-25,SENSEX,ALPHA,CE,77900.0,12,247.24,185.43,339.95,184.5,STOP,48.2,107.05,-15211.92
train,2025-03-25,NIFTY,GAMMA,PE,23800.0,5,140.58,105.44,193.3,192.33,TARGET,47.34,162.12,19197.17
train,2025-03-26,FINNIFTY,ALPHA,CE,24900.0,8,179.39,134.54,246.66,186.31,THESIS_BROKEN,49.46,138.1,2028.68
train,2025-03-26,BANKNIFTY,ALPHA,CE,51300.0,11,370.26,277.69,509.11,356.41,THESIS_BROKEN,51.12,136.53,-2473.07
train,2025-03-26,NIFTY,ALPHA,CE,23400.0,5,161.48,121.11,222.03,220.92,TARGET,50.87,182.69,22058.25
train,2025-03-26,BANKNIFTY,BETA,CE,51000.0,12,355.92,266.94,489.38,353.77,THESIS_BROKEN,52.45,145.89,-584.22
train,2025-03-27,FINNIFTY,ALPHA,PE,25100.0,16,99.13,74.35,136.31,98.95,THESIS_BROKEN,52.17,145.21,-312.1
train,2025-03-28,NIFTY,ALPHA,PE,23700.0,5,161.66,121.24,222.28,221.17,TARGET,50.91,182.87,22082.33
train,2025-03-28,NIFTY,ALPHA,CE,23400.0,4,196.24,147.18,269.83,192.23,THESIS_BROKEN,50.12,134.36,-1386.28
train,2025-03-28,NIFTY,GAMMA,PE,23600.0,5,162.1,121.57,222.88,159.85,THESIS_BROKEN,50.97,138.71,-1033.15
train,2025-03-28,SENSEX,BETA,CE,77300.0,9,358.91,269.18,493.5,321.53,THESIS_BROKEN,50.39,132.68,-6910.35
train,2025-04-01,SENSEX,ALPHA,CE,75900.0,16,209.26,156.95,287.74,156.16,STOP,51.37,117.78,-17161.39
train,2025-04-03,NIFTY,ALPHA,PE,23400.0,8,107.05,80.29,147.2,146.46,TARGET,52.53,192.36,23400.22
train,2025-04-03,NIFTY,ALPHA,PE,23400.0,8,110.88,83.16,152.46,151.7,TARGET,53.57,198.4,24238.65
train,2025-04-03,NIFTY,ALPHA,CE,23150.0,10,95.04,71.28,130.68,130.03,TARGET,55.71,210.88,25973.36
train,2025-04-08,SENSEX,BETA,CE,74300.0,13,311.26,233.44,427.98,425.84,TARGET,57.16,232.27,29501.66
train,2025-04-15,NIFTY,ALPHA,CE,23200.0,7,160.56,120.42,220.76,219.66,TARGET,61.57,245.08,30723.31
train,2025-04-15,SENSEX,ALPHA,CE,76600.0,27,174.2,130.65,239.52,129.99,STOP,62.6,155.89,-24087.7
train,2025-04-22,BANKEX,BETA,CE,63700.0,4,614.64,460.98,845.12,744.46,THESIS_BROKEN,54.18,191.96,15332.62
train,2025-04-21,NIFTY,ALPHA,PE,24300.0,7,171.29,128.47,235.53,200.0,THESIS_BROKEN,64.11,225.23,14779.74
train,2025-04-21,SENSEX,BETA,CE,79300.0,12,384.69,288.52,528.95,428.45,THESIS_BROKEN,61.89,217.39,10221.92
train,2025-04-21,SENSEX,GAMMA,PE,79700.0,13,375.36,281.52,516.13,513.54,TARGET,64.08,275.24,35587.71
train,2025-04-22,NIFTY,ALPHA,PE,24300.0,9,162.45,121.84,223.37,222.25,TARGET,72.99,311.7,39981.1
train,2025-04-22,NIFTY,ALPHA,PE,24300.0,11,142.65,106.99,196.14,195.16,TARGET,76.61,332.81,42913.22
train,2025-04-22,NIFTY,ALPHA,PE,24300.0,10,146.12,109.59,200.92,178.95,THESIS_BROKEN,72.97,281.34,24265.75
train,2025-04-22,NIFTY,ALPHA,PE,24300.0,10,145.55,109.16,200.13,176.71,THESIS_BROKEN,72.77,278.12,23019.11
train,2025-04-23,BANKNIFTY,BETA,CE,55100.0,27,290.8,218.1,399.84,397.85,TARGET,76.65,333.03,42945.28
train,2025-04-24,NIFTY,ALPHA,PE,24350.0,17,92.4,69.3,127.05,126.41,TARGET,76.67,333.14,42959.0
train,2025-04-29,NIFTY,ALPHA,CE,24200.0,12,123.55,92.66,169.88,169.03,TARGET,73.69,315.76,40544.87
train,2025-05-02,NIFTY,GAMMA,PE,24400.0,7,212.26,159.19,291.85,186.46,THESIS_BROKEN,73.8,211.6,-13826.73
train,2025-05-05,SENSEX,GAMMA,PE,81100.0,16,357.68,268.26,491.8,440.49,THESIS_BROKEN,71.06,289.25,26139.05
train,2025-05-05,NIFTY,ALPHA,PE,24600.0,10,158.8,119.1,218.34,217.25,TARGET,77.25,336.51,43428.82
train,2025-05-05,NIFTY,ALPHA,PE,24600.0,10,153.65,115.24,211.27,181.99,THESIS_BROKEN,75.52,285.71,20891.9
train,2025-05-05,NIFTY,ALPHA,PE,24600.0,10,146.43,109.82,201.34,200.34,TARGET,73.06,312.15,40043.75
train,2025-05-06,SENSEX,ALPHA,CE,80400.0,25,232.01,174.01,319.02,173.14,STOP,71.71,186.76,-29694.99
train,2025-05-06,SENSEX,ALPHA,CE,80400.0,25,234.83,176.12,322.89,175.24,STOP,72.29,188.74,-30054.83
train,2025-05-06,NIFTY,GAMMA,PE,24500.0,13,118.4,88.8,162.81,152.19,THESIS_BROKEN,75.6,308.56,32552.56
train,2025-05-07,NIFTY,ALPHA,PE,24500.0,11,138.42,103.82,190.33,189.38,TARGET,75.03,323.65,41641.12
train,2025-05-13,SENSEX,ALPHA,CE,81400.0,21,281.42,211.07,386.96,210.01,STOP,72.62,189.85,-30255.23
train,2025-05-14,NIFTY,GAMMA,PE,24800.0,9,167.9,125.93,230.87,176.76,THESIS_BROKEN,74.65,252.74,5651.59
train,2025-05-15,FINNIFTY,BETA,CE,25900.0,7,389.18,291.88,535.12,411.08,THESIS_BROKEN,72.68,244.66,5815.85
train,2025-05-15,NIFTY,BETA,CE,24500.0,13,117.57,88.18,161.66,160.85,TARGET,75.22,324.78,41797.73
train,2025-05-15,NIFTY,BETA,CE,24550.0,14,114.14,85.6,156.94,156.15,TARGET,77.59,338.48,43701.06
train,2025-05-19,NIFTY,ALPHA,CE,24900.0,7,205.35,154.01,282.35,243.97,THESIS_BROKEN,72.16,269.58,19936.91
train,2025-05-19,SENSEX,ALPHA,CE,81800.0,14,406.74,305.05,559.26,420.64,THESIS_BROKEN,70.82,245.58,3575.67
train,2025-05-20,SENSEX,ALPHA,CE,81900.0,24,241.47,181.1,332.02,180.2,STOP,71.67,186.62,-29669.58
train,2025-05-20,SENSEX,GAMMA,PE,82200.0,23,251.15,188.36,345.33,343.61,TARGET,71.52,321.49,42136.44
train,2025-05-21,NIFTY,GAMMA,PE,24900.0,9,168.48,126.36,231.65,192.88,THESIS_BROKEN,74.82,273.63,16124.76
train,2025-05-27,BANKEX,ALPHA,CE,62400.0,9,411.44,308.58,565.74,307.04,STOP,69.66,179.83,-28438.55
train,2025-05-27,BANKEX,ALPHA,PE,63200.0,12,319.31,239.48,439.05,436.85,TARGET,71.27,320.0,41925.02
train,2025-05-22,NIFTY,ALPHA,CE,24400.0,15,105.56,79.17,145.14,144.41,TARGET,77.09,335.6,43302.34
train,2025-05-22,NIFTY,ALPHA,CE,24400.0,15,100.28,75.21,137.88,137.19,TARGET,74.4,319.99,41133.98
train,2025-05-27,FINNIFTY,ALPHA,CE,26250.0,9,300.96,225.72,413.82,340.79,THESIS_BROKEN,72.4,259.21,14006.29
train,2025-05-27,SENSEX,GAMMA,PE,82000.0,12,497.9,373.43,684.62,483.12,THESIS_BROKEN,73.15,242.12,-3862.89
train,2025-05-28,FINNIFTY,ALPHA,CE,26300.0,12,238.44,178.83,327.85,278.35,THESIS_BROKEN,75.14,280.18,18804.0
train,2025-05-28,BANKNIFTY,ALPHA,PE,55600.0,19,410.12,307.59,563.92,478.15,THESIS_BROKEN,76.25,285.31,19025.07
train,2025-05-28,FINNIFTY,ALPHA,PE,26600.0,16,177.85,133.39,244.54,216.41,THESIS_BROKEN,74.86,289.59,24316.83
train,2025-05-28,NIFTY,ALPHA,PE,24900.0,10,147.31,110.48,202.55,201.54,TARGET,73.36,313.88,40284.68
train,2025-05-29,NIFTY,ALPHA,CE,24700.0,13,117.7,88.28,161.84,124.92,THESIS_BROKEN,75.28,257.51,6708.9
train,2025-05-29,FINNIFTY,ALPHA,CE,26250.0,25,116.69,87.52,160.45,106.56,THESIS_BROKEN,76.16,228.25,-10427.91
train,2025-05-29,FINNIFTY,ALPHA,CE,26200.0,26,114.05,85.54,156.82,156.03,TARGET,77.03,335.23,43251.02
train,2025-06-03,SENSEX,ALPHA,CE,80900.0,11,507.01,380.26,697.14,544.17,THESIS_BROKEN,69.86,249.22,7854.69
train,2025-06-03,SENSEX,ALPHA,CE,80800.0,14,404.76,303.57,556.54,413.07,THESIS_BROKEN,70.59,241.59,2016.93
train,2025-06-03,SENSEX,ALPHA,CE,80900.0,14,419.89,314.92,577.35,361.04,THESIS_BROKEN,72.36,214.12,-16766.23
train,2025-06-03,SENSEX,ALPHA,CE,80800.0,16,369.12,276.84,507.53,275.45,STOP,72.58,189.73,-30234.53
train,2025-06-04,NIFTY,ALPHA,PE,24700.0,11,142.65,106.99,196.14,144.67,THESIS_BROKEN,76.61,252.81,1341.21
train,2025-06-05,NIFTY,BETA,CE,24600.0,14,108.02,81.02,148.53,147.78,TARGET,74.68,321.61,41356.82
train,2025-06-05,NIFTY,BETA,CE,24600.0,15,101.77,76.33,139.94,107.86,THESIS_BROKEN,75.16,256.63,6514.96
train,2025-06-05,NIFTY,BETA,CE,24700.0,12,124.92,93.69,171.76,93.22,STOP,74.23,184.72,-28786.64
train,2025-06-05,NIFTY,BETA,CE,24700.0,18,87.52,65.64,120.33,119.73,TARGET,76.82,334.02,43081.88
train,2025-06-06,NIFTY,ALPHA,PE,25100.0,7,206.36,154.77,283.75,213.08,THESIS_BROKEN,72.4,238.43,3216.78
train,2025-06-12,NIFTY,GAMMA,PE,25200.0,13,119.86,89.89,164.8,163.98,TARGET,76.24,330.64,42612.06
train,2025-06-12,NIFTY,GAMMA,PE,25150.0,13,117.08,87.81,160.99,115.97,THESIS_BROKEN,75.01,240.74,-1404.58
train,2025-06-17,SENSEX,ALPHA,CE,81300.0,28,209.0,156.75,287.38,285.94,TARGET,72.14,325.39,42687.82
train,2025-06-17,SENSEX,ALPHA,CE,81400.0,31,190.87,143.15,262.45,261.14,TARGET,72.67,328.74,43162.74
train,2025-06-17,SENSEX,ALPHA,CE,81400.0,37,159.46,119.59,219.25,218.16,TARGET,72.53,327.85,43037.43
train,2025-06-18,NIFTY,ALPHA,CE,24700.0,11,139.17,104.38,191.36,137.21,THESIS_BROKEN,75.3,240.99,-1934.53
train,2025-06-19,FINNIFTY,ALPHA,CE,26200.0,11,268.4,201.3,369.05,312.33,THESIS_BROKEN,76.79,287.52,18965.11
train,2025-06-19,SENSEX,ALPHA,PE,81700.0,12,482.02,361.51,662.78,518.35,THESIS_BROKEN,71.58,258.05,8388.43
train,2025-06-20,SENSEX,ALPHA,CE,81300.0,12,488.44,366.33,671.61,627.85,THESIS_BROKEN,72.22,307.58,33076.44
train,2025-06-20,SENSEX,BETA,CE,81800.0,10,556.64,417.48,765.39,548.44,THESIS_BROKEN,69.76,230.33,-1940.09
train,2025-06-20,BANKNIFTY,ALPHA,CE,55800.0,15,506.0,379.5,695.75,625.31,THESIS_BROKEN,74.88,293.79,26475.57
train,2025-06-23,SENSEX,ALPHA,CE,81400.0,14,401.72,301.29,552.37,466.26,THESIS_BROKEN,70.24,269.65,17730.47
train,2025-06-23,BANKNIFTY,BETA,CE,55800.0,17,444.88,333.66,611.72,520.24,THESIS_BROKEN,74.7,278.36,18861.64
train,2025-06-24,FINNIFTY,GAMMA,PE,26950.0,17,171.42,128.57,235.71,175.67,THESIS_BROKEN,76.11,253.0,2556.3
train,2025-06-25,FINNIFTY,ALPHA,CE,26700.0,21,139.13,104.35,191.3,190.34,TARGET,76.25,330.65,42614.96
train,2025-06-27,SENSEX,GAMMA,PE,84200.0,14,405.46,304.09,557.51,471.93,THESIS_BROKEN,70.68,272.64,18267.86
train,2025-06-27,NIFTY,GAMMA,PE,25750.0,10,159.63,119.72,219.49,185.97,THESIS_BROKEN,77.53,291.46,19381.13
train,2025-07-01,NIFTY,ALPHA,PE,25700.0,10,155.89,116.92,214.35,213.28,TARGET,76.27,330.79,42633.75
train,2025-07-01,SENSEX,ALPHA,CE,83400.0,24,246.4,184.8,338.8,337.11,TARGET,72.65,328.57,43137.66
train,2025-07-01,NIFTY,ALPHA,CE,25400.0,9,164.03,123.02,225.54,224.42,TARGET,73.47,314.51,40371.41
train,2025-07-01,NIFTY,ALPHA,CE,25400.0,9,164.56,123.42,226.27,225.14,TARGET,73.63,315.44,40501.52
train,2025-07-01,NIFTY,ALPHA,CE,25400.0,9,161.52,121.14,222.1,220.99,TARGET,72.71,310.07,39753.41
train,2025-07-01,SENSEX,ALPHA,CE,83500.0,29,205.0,153.75,281.87,280.46,TARGET,72.91,330.18,43366.12
train,2025-07-01,SENSEX,ALPHA,CE,83400.0,23,254.01,190.51,349.27,347.52,TARGET,72.06,324.88,42616.82
train,2025-07-02,NIFTY,ALPHA,CE,25400.0,10,149.56,112.17,205.64,204.61,TARGET,74.12,318.31,40899.05
train,2025-07-02,NIFTY,ALPHA,CE,25400.0,11,143.75,107.81,197.65,143.18,THESIS_BROKEN,77.02,250.46,-795.67
train,2025-07-02,NIFTY,ALPHA,CE,25300.0,12,131.25,98.44,180.47,139.1,THESIS_BROKEN,76.81,264.03,6723.26
train,2025-07-03,NIFTY,BETA,CE,25400.0,15,100.67,75.5,138.42,75.13,STOP,74.61,185.91,-28999.23
train,2025-07-07,SENSEX,ALPHA,PE,83600.0,21,285.52,214.14,392.58,390.62,TARGET,73.33,332.8,43738.21
train,2025-07-08,SENSEX,ALPHA,PE,83600.0,31,187.62,140.71,257.97,256.68,TARGET,71.84,323.53,42425.64
train,2025-07-08,NIFTY,ALPHA,PE,25600.0,12,132.09,99.07,181.62,156.17,THESIS_BROKEN,77.14,293.5,21298.88
train,2025-07-15,BANKEX,ALPHA,PE,64000.0,8,499.58,374.68,686.92,683.48,TARGET,73.33,332.75,43731.46
train,2025-07-09,NIFTY,ALPHA,CE,25400.0,10,149.2,111.9,205.16,204.13,TARGET,74.01,317.62,40802.66
train,2025-07-10,NIFTY,ALPHA,CE,25300.0,12,128.26,96.19,176.36,114.87,THESIS_BROKEN,75.6,222.15,-12346.27
train,2025-07-10,NIFTY,ALPHA,CE,25250.0,14,114.22,85.67,157.06,156.27,TARGET,77.62,338.71,43734.82
train,2025-07-14,SENSEX,ALPHA,CE,81900.0,18,325.42,244.07,447.46,399.04,THESIS_BROKEN,72.17,294.34,26136.96
train,2025-07-14,SENSEX,ALPHA,CE,81900.0,17,340.03,255.02,467.54,465.21,TARGET,71.54,321.71,42166.01
train,2025-07-15,SENSEX,ALPHA,PE,82600.0,26,227.92,170.94,313.39,311.82,TARGET,72.75,329.19,43227.65
train,2025-07-15,SENSEX,ALPHA,PE,82600.0,26,227.04,170.28,312.18,310.62,TARGET,72.56,328.01,43060.56
train,2025-07-15,SENSEX,ALPHA,PE,82700.0,23,254.76,191.07,350.29,190.11,STOP,72.21,188.42,-29997.49
train,2025-07-15,SENSEX,ALPHA,CE,82400.0,27,216.08,162.06,297.12,161.25,STOP,71.99,187.71,-29868.61
train,2025-07-16,NIFTY,ALPHA,PE,25300.0,13,118.05,88.54,162.32,161.51,TARGET,75.45,326.02,41969.98
train,2025-07-17,SENSEX,ALPHA,PE,82700.0,16,356.44,267.33,490.11,487.66,TARGET,70.89,317.72,41600.49
train,2025-07-24,BANKEX,ALPHA,CE,63300.0,9,428.56,321.42,589.27,525.11,DAYLIGHT,71.59,290.81,25706.44
train,2025-07-18,NIFTY,GAMMA,PE,25050.0,10,148.72,111.54,204.49,203.47,TARGET,73.84,316.66,40670.16
train,2025-07-21,SENSEX,ALPHA,CE,81400.0,19,310.29,232.72,426.65,424.51,TARGET,72.5,327.63,43005.28
train,2025-07-21,SENSEX,ALPHA,CE,81800.0,17,334.84,251.13,460.4,458.1,TARGET,70.81,317.15,41521.45
train,2025-07-21,SENSEX,ALPHA,CE,81800.0,18,333.12,249.84,458.05,330.64,THESIS_BROKEN,73.34,247.92,-1216.04
train,2025-07-21,SENSEX,GAMMA,PE,82200.0,23,253.62,190.21,348.72,189.26,STOP,71.99,187.68,-29863.0
train,2025-07-21,NIFTY,ALPHA,PE,25150.0,12,131.12,98.34,180.29,153.48,THESIS_BROKEN,76.76,288.88,19757.23
train,2025-07-22,FINNIFTY,ALPHA,CE,26900.0,12,240.64,180.48,330.87,292.23,THESIS_BROKEN,75.64,292.99,24397.21
train,2025-07-21,NIFTY,ALPHA,PE,25150.0,12,124.78,93.59,171.58,93.12,STOP,74.18,184.54,-28756.27
train,2025-07-22,NIFTY,ALPHA,CE,24950.0,11,139.61,104.71,191.97,191.01,TARGET,75.5,326.23,41998.87
train,2025-07-23,NIFTY,ALPHA,CE,25000.0,12,126.72,95.04,174.24,134.13,THESIS_BROKEN,74.96,255.42,6335.02
train,2025-07-29,BANKEX,ALPHA,PE,62500.0,21,187.35,140.51,257.61,256.32,TARGET,72.55,327.94,43049.95
train,2025-07-23,NIFTY,ALPHA,CE,25000.0,12,127.16,95.37,174.84,173.97,TARGET,75.14,324.29,41730.27
train,2025-07-23,NIFTY,ALPHA,CE,25050.0,14,107.76,80.82,148.16,147.42,TARGET,74.56,320.86,41255.64
train,2025-07-29,BANKEX,ALPHA,PE,62500.0,19,202.88,152.16,278.97,277.57,TARGET,71.56,321.78,42178.06
train,2025-07-23,NIFTY,ALPHA,PE,25300.0,15,105.42,79.07,144.96,103.98,THESIS_BROKEN,77.03,248.24,-1952.58
train,2025-07-24,NIFTY,GAMMA,PE,25200.0,14,113.92,85.44,156.63,85.01,STOP,77.48,195.02,-30623.99
train,2025-07-25,SENSEX,ALPHA,CE,81400.0,14,418.13,313.6,574.93,468.25,THESIS_BROKEN,72.15,270.69,13689.36
train,2025-07-25,SENSEX,ALPHA,CE,81300.0,14,422.66,317.0,581.16,434.62,THESIS_BROKEN,72.67,252.95,3020.94
train,2025-07-25,NIFTY,GAMMA,PE,25000.0,9,165.09,123.82,227.0,207.96,THESIS_BROKEN,73.8,293.16,28568.27
train,2025-07-25,FINNIFTY,GAMMA,PE,26900.0,16,180.05,135.04,247.57,187.06,THESIS_BROKEN,75.52,253.52,4158.64
train,2025-07-28,BANKNIFTY,ALPHA,CE,55800.0,20,399.21,299.41,548.92,546.17,TARGET,77.54,338.27,43672.17
train,2025-07-29,SENSEX,ALPHA,PE,81100.0,25,238.66,178.99,328.15,178.1,STOP,73.08,191.43,-30543.99
train,2025-07-29,SENSEX,ALPHA,PE,81100.0,31,192.59,144.44,264.81,263.48,TARGET,73.12,331.48,43551.2
train,2025-07-29,SENSEX,ALPHA,PE,81100.0,24,245.78,184.34,337.95,336.26,TARGET,72.52,327.8,43029.71
train,2025-07-30,NIFTY,ALPHA,CE,24750.0,12,124.78,93.59,171.58,170.72,TARGET,74.18,318.66,40949.66
train,2025-07-30,BANKNIFTY,ALPHA,PE,56400.0,36,219.03,164.27,301.17,299.66,TARGET,76.88,334.36,43129.58
train,2025-07-31,BANKNIFTY,ALPHA,CE,55400.0,38,207.72,155.79,285.62,233.78,THESIS_BROKEN,76.93,279.51,14492.77
train,2025-07-31,FINNIFTY,ALPHA,PE,26800.0,23,128.79,96.59,177.08,176.2,TARGET,76.97,334.9,43205.41
train,2025-07-31,BANKNIFTY,BETA,CE,56100.0,35,222.77,167.08,306.31,304.78,TARGET,76.28,330.88,42647.01
train,2025-08-07,BANKEX,ALPHA,CE,61000.0,4,880.92,660.69,1211.27,996.04,THESIS_BROKEN,67.44,248.87,13498.18
train,2025-08-04,NIFTY,ALPHA,CE,24500.0,8,187.7,140.78,258.09,256.8,TARGET,74.32,319.49,41065.31
train,2025-08-04,SENSEX,ALPHA,PE,81100.0,18,319.35,239.51,439.11,238.32,STOP,71.27,185.29,-29429.37
train,2025-08-05,SENSEX,ALPHA,CE,80400.0,27,218.06,163.55,299.84,257.21,THESIS_BROKEN,72.43,285.37,20779.69
train,2025-08-05,NIFTY,ALPHA,CE,24500.0,11,142.82,107.12,196.38,195.4,TARGET,76.68,333.19,42966.23
train,2025-08-05,NIFTY,ALPHA,CE,24500.0,10,146.08,109.56,200.86,199.86,TARGET,72.96,311.46,39947.36
train,2025-08-05,NIFTY,ALPHA,CE,24500.0,11,141.5,106.13,194.57,193.6,TARGET,76.18,330.32,42568.71
train,2025-08-06,NIFTY,ALPHA,CE,24500.0,10,154.04,115.53,211.81,210.75,TARGET,75.65,327.16,42127.78
train,2025-08-06,NIFTY,GAMMA,PE,24700.0,13,116.03,87.02,159.54,113.13,THESIS_BROKEN,74.56,235.42,-3134.07
train,2025-08-06,NIFTY,ALPHA,CE,24450.0,11,133.98,100.48,184.22,183.3,TARGET,73.39,314.02,40302.73
train,2025-08-07,SENSEX,ALPHA,CE,79900.0,13,433.93,325.45,596.65,507.95,THESIS_BROKEN,70.38,272.5,18902.19
train,2025-08-07,NIFTY,ALPHA,CE,24300.0,16,98.25,73.69,135.1,73.32,STOP,76.71,192.57,-30187.01
train,2025-08-07,NIFTY,ALPHA,PE,24600.0,18,87.12,65.34,119.79,65.01,STOP,76.58,192.16,-30112.79
train,2025-08-08,SENSEX,ALPHA,CE,79800.0,13,454.74,341.06,625.27,576.85,THESIS_BROKEN,72.64,306.26,31370.03
train,2025-08-08,NIFTY,ALPHA,CE,24300.0,7,202.84,152.13,278.9,238.8,THESIS_BROKEN,71.56,264.38,18543.06
train,2025-08-08,NIFTY,ALPHA,CE,24300.0,8,198.62,148.96,273.1,214.22,THESIS_BROKEN,77.29,270.44,9016.77
train,2025-08-11,SENSEX,ALPHA,CE,79900.0,16,355.3,266.48,488.54,486.09,TARGET,70.74,316.77,41466.83
train,2025-08-11,NIFTY,ALPHA,CE,24300.0,8,180.4,135.3,248.05,246.81,TARGET,72.36,307.99,39465.5
train,2025-08-11,NIFTY,ALPHA,PE,24600.0,11,136.71,102.53,187.97,187.03,TARGET,74.39,319.92,41124.34
train,2025-08-12,SENSEX,ALPHA,PE,81200.0,24,244.64,183.48,336.38,334.7,TARGET,72.29,326.38,42829.22
train,2025-08-12,NIFTY,GAMMA,PE,24750.0,12,130.37,97.78,179.26,120.0,THESIS_BROKEN,76.46,231.01,-9644.97
train,2025-08-12,NIFTY,ALPHA,CE,24450.0,10,155.94,116.95,214.41,213.34,TARGET,76.28,330.88,42645.8
train,2025-08-13,NIFTY,ALPHA,PE,24700.0,13,115.9,86.92,159.36,158.56,TARGET,74.49,320.48,41202.64
train,2025-08-13,NIFTY,ALPHA,PE,24700.0,15,103.0,77.25,141.63,140.92,TARGET,75.8,328.07,42254.27
train,2025-08-13,NIFTY,ALPHA,PE,24700.0,14,114.05,85.54,156.82,102.44,THESIS_BROKEN,77.54,230.17,-12501.1
train,2025-08-13,NIFTY,ALPHA,PE,24750.0,16,97.15,72.86,133.58,132.92,TARGET,76.12,329.91,42510.87
train,2025-08-14,NIFTY,ALPHA,CE,24550.0,17,88.97,66.73,122.33,66.39,STOP,74.69,186.16,-29044.78
train,2025-08-22,BANKEX,GAMMA,PE,61900.0,13,290.09,217.57,398.88,372.13,THESIS_BROKEN,70.51,297.14,31627.17
train,2025-08-14,NIFTY,ALPHA,PE,24750.0,15,101.38,76.03,139.39,75.65,STOP,74.96,187.05,-29201.69
train,2025-08-22,BANKEX,ALPHA,CE,61300.0,8,496.67,372.5,682.92,440.93,THESIS_BROKEN,73.03,223.05,-13673.14
train,2025-08-14,NIFTY,ALPHA,PE,24750.0,16,97.46,73.09,134.01,72.73,STOP,76.28,191.21,-29944.06
train,2025-08-18,NIFTY,ALPHA,PE,25100.0,10,155.28,116.46,213.5,184.37,THESIS_BROKEN,76.05,289.16,21457.92
train,2025-08-18,NIFTY,ALPHA,CE,24800.0,8,190.08,142.56,261.36,187.96,THESIS_BROKEN,74.96,240.16,-1589.82
train,2025-08-18,NIFTY,ALPHA,CE,24800.0,8,181.54,136.16,249.62,221.09,THESIS_BROKEN,72.67,278.35,23375.98
train,2025-08-18,NIFTY,ALPHA,CE,24800.0,8,186.87,140.15,256.94,191.39,THESIS_BROKEN,74.1,244.12,2393.93
train,2025-08-19,SENSEX,ALPHA,PE,81600.0,28,208.56,156.42,286.77,285.34,TARGET,72.03,324.75,42597.86
train,2025-08-19,SENSEX,ALPHA,PE,81600.0,30,198.26,148.7,272.61,147.95,STOP,72.93,190.91,-30449.53
train,2025-08-19,SENSEX,ALPHA,PE,81700.0,25,231.44,173.58,318.23,232.28,THESIS_BROKEN,71.59,242.5,107.28
train,2025-08-19,SENSEX,ALPHA,CE,81400.0,28,208.65,156.49,286.89,155.7,STOP,72.06,187.94,-29908.88
train,2025-08-19,NIFTY,ALPHA,PE,25100.0,12,124.61,93.46,171.34,170.48,TARGET,74.11,318.26,40891.82
train,2025-08-19,NIFTY,ALPHA,PE,25100.0,13,121.84,91.38,167.52,166.69,TARGET,77.1,335.7,43316.81
train,2025-08-21,NIFTY,ALPHA,PE,25250.0,15,106.04,79.53,145.81,79.13,STOP,77.34,194.58,-30543.03
train,2025-08-21,FINNIFTY,BETA,CE,26500.0,13,228.8,171.6,314.6,237.26,THESIS_BROKEN,77.19,260.53,4060.31
train,2025-08-21,NIFTY,BETA,CE,25000.0,14,113.74,85.3,156.39,155.61,TARGET,77.4,337.39,43549.27
train,2025-08-21,BANKNIFTY,GAMMA,PE,56100.0,26,305.01,228.76,419.39,362.88,THESIS_BROKEN,77.18,295.39,22196.14
train,2025-08-21,NIFTY,ALPHA,CE,25000.0,17,89.67,67.25,123.3,88.41,THESIS_BROKEN,75.09,240.06,-1929.62
train,2025-08-22,SENSEX,ALPHA,CE,81300.0,15,396.04,297.03,544.56,419.84,THESIS_BROKEN,72.86,260.98,6805.03
train,2025-08-22,SENSEX,ALPHA,CE,81300.0,15,394.37,295.78,542.26,413.02,THESIS_BROKEN,72.66,257.12,5265.97
train,2025-08-25,SENSEX,ALPHA,CE,81400.0,17,335.85,251.89,461.8,304.27,THESIS_BROKEN,70.95,218.57,-11027.06
train,2025-08-25,SENSEX,ALPHA,CE,81300.0,17,341.44,256.08,469.48,467.13,TARGET,71.74,322.94,42340.8
train,2025-08-25,NIFTY,ALPHA,CE,24800.0,10,150.3,112.73,206.67,205.63,TARGET,74.37,319.78,41103.84
train,2025-08-25,FINNIFTY,ALPHA,CE,26200.0,15,189.2,141.9,260.15,258.85,TARGET,74.74,321.86,41392.95
train,2025-08-25,FINNIFTY,ALPHA,CE,26200.0,14,205.92,154.44,283.14,241.34,THESIS_BROKEN,75.55,283.15,19474.96
train,2025-08-25,SENSEX,ALPHA,CE,81400.0,20,296.03,222.02,407.04,405.01,TARGET,72.7,328.93,43189.08
train,2025-08-25,SENSEX,ALPHA,CE,81400.0,20,287.06,215.29,394.7,392.73,TARGET,71.21,319.67,41878.12
train,2025-08-25,NIFTY,ALPHA,PE,25100.0,12,125.97,94.48,173.21,147.61,THESIS_BROKEN,74.67,278.72,19119.23
train,2025-08-26,SENSEX,ALPHA,CE,80900.0,26,224.8,168.6,309.09,167.75,STOP,72.08,188.01,-29921.92
train,2025-08-26,SENSEX,ALPHA,CE,80800.0,28,209.31,156.98,287.8,286.36,TARGET,72.21,325.83,42750.8
train,2025-08-26,SENSEX,ALPHA,CE,80900.0,28,207.94,155.96,285.92,284.49,TARGET,71.89,323.86,42471.91
train,2025-08-26,NIFTY,GAMMA,PE,24900.0,13,121.04,90.78,166.44,165.6,TARGET,76.76,333.68,43034.9
train,2025-08-26,SENSEX,ALPHA,CE,80900.0,30,195.1,146.32,268.26,266.92,TARGET,72.14,325.43,42694.26
train,2025-08-26,FINNIFTY,ALPHA,CE,25900.0,17,167.2,125.4,229.9,228.75,TARGET,74.81,322.34,41457.19
train,2025-08-26,FINNIFTY,ALPHA,CE,25900.0,17,168.48,126.36,231.65,125.73,STOP,75.2,187.79,-29333.52
train,2025-08-26,NIFTY,ALPHA,CE,24650.0,12,128.7,96.52,176.96,176.08,TARGET,75.78,327.92,42236.22
train,2025-08-26,NIFTY,ALPHA,CE,24650.0,13,123.02,92.27,169.16,91.81,STOP,77.63,195.51,-30710.05
train,2025-08-28,NIFTY,BETA,CE,24500.0,13,118.32,88.74,162.68,161.87,TARGET,75.57,326.7,42063.93
train,2025-08-28,NIFTY,ALPHA,PE,24700.0,16,96.27,72.2,132.37,131.71,TARGET,75.65,327.14,42125.37
train,2025-08-29,NIFTY,ALPHA,CE,24400.0,9,176.35,132.26,242.48,174.03,THESIS_BROKEN,77.22,249.19,-1896.8
train,2025-08-29,NIFTY,ALPHA,CE,24400.0,9,167.55,125.66,230.38,202.28,THESIS_BROKEN,74.54,285.82,23083.4
train,2025-08-29,NIFTY,ALPHA,CE,24400.0,9,164.38,123.29,226.03,122.67,STOP,73.58,182.61,-28412.09
train,2025-09-05,BANKEX,ALPHA,PE,60700.0,6,614.2,460.65,844.52,694.46,DAYLIGHT,69.45,259.2,14118.92
train,2025-09-01,NIFTY,ALPHA,CE,24400.0,11,143.7,107.78,197.59,196.61,TARGET,77.0,335.09,43231.26
train,2025-09-01,NIFTY,ALPHA,CE,24400.0,11,141.33,106.0,194.33,176.26,THESIS_BROKEN,76.12,302.88,28443.41
train,2025-09-02,NIFTY,GAMMA,PE,24700.0,16,97.77,73.33,134.43,133.76,TARGET,76.45,331.85,42780.71
train,2025-09-03,SENSEX,ALPHA,CE,79900.0,18,331.89,248.92,456.35,454.07,TARGET,73.14,331.68,43579.17
train,2025-09-03,SENSEX,ALPHA,CE,79900.0,18,321.77,241.33,442.44,440.22,TARGET,71.65,322.29,42248.89
train,2025-09-03,NIFTY,ALPHA,PE,24700.0,10,149.73,112.3,205.88,173.23,THESIS_BROKEN,74.18,273.1,17275.85
train,2025-09-03,NIFTY,ALPHA,PE,24700.0,11,142.08,106.56,195.35,150.15,THESIS_BROKEN,76.41,261.48,6319.45
train,2025-09-03,SENSEX,ALPHA,PE,80600.0,21,279.18,209.38,383.87,208.34,STOP,72.23,188.51,-30014.35
train,2025-09-03,NIFTY,ALPHA,PE,24800.0,10,149.6,112.2,205.7,145.32,THESIS_BROKEN,74.14,232.9,-3517.23
train,2025-09-04,SENSEX,ALPHA,CE,80800.0,23,259.03,194.27,356.16,250.49,THESIS_BROKEN,73.0,240.77,-4240.68
train,2025-09-04,SENSEX,GAMMA,PE,81200.0,24,247.46,185.59,340.25,338.55,TARGET,72.85,329.87,43322.76
train,2025-09-04,NIFTY,BETA,CE,24700.0,9,167.99,125.99,230.99,162.43,THESIS_BROKEN,74.67,234.16,-4060.65
train,2025-09-04,NIFTY,GAMMA,PE,24850.0,11,136.18,102.14,187.25,186.31,TARGET,74.21,318.78,40965.3
train,2025-09-09,NIFTY,ALPHA,PE,24950.0,16,99.31,74.48,136.55,103.78,THESIS_BROKEN,77.29,262.75,5024.56
train,2025-09-11,SENSEX,ALPHA,PE,81800.0,25,236.9,177.67,325.73,176.78,STOP,72.72,190.2,-30319.1
train,2025-09-11,NIFTY,ALPHA,CE,24900.0,9,164.34,123.25,225.97,188.6,DAYLIGHT,73.56,268.09,16035.37
train,2025-09-15,NIFTY,ALPHA,PE,25200.0,16,98.56,73.92,135.52,105.97,THESIS_BROKEN,76.88,267.81,8544.31
train,2025-09-23,BANKEX,ALPHA,CE,61900.0,8,491.13,368.35,675.3,466.51,THESIS_BROKEN,72.49,234.61,-6216.44
train,2025-09-16,NIFTY,ALPHA,PE,25300.0,17,90.95,68.21,125.05,97.71,THESIS_BROKEN,75.84,262.84,8281.6
train,2025-09-16,NIFTY,ALPHA,PE,25300.0,15,102.08,76.56,140.36,76.18,STOP,75.33,188.19,-29404.17
train,2025-09-16,NIFTY,ALPHA,PE,25300.0,15,106.35,79.76,146.23,145.5,TARGET,77.49,337.95,43627.59
train,2025-09-16,NIFTY,ALPHA,PE,25300.0,18,86.06,64.55,118.34,87.41,THESIS_BROKEN,75.94,250.23,1491.94
train,2025-09-17,SENSEX,ALPHA,CE,82400.0,16,354.46,265.85,487.39,484.95,TARGET,70.63,316.08,41369.15
train,2025-09-17,SENSEX,ALPHA,CE,82400.0,17,348.57,261.43,479.28,476.88,TARGET,72.75,329.18,43225.71
train,2025-09-17,SENSEX,ALPHA,CE,82400.0,17,337.88,253.41,464.58,462.26,TARGET,71.24,319.81,41898.35
train,2025-09-17,SENSEX,ALPHA,CE,82400.0,18,329.3,246.97,452.78,450.52,TARGET,72.77,329.27,43237.91
train,2025-09-24,BANKEX,ALPHA,CE,61900.0,11,362.6,271.95,498.58,388.5,THESIS_BROKEN,73.22,265.23,8206.49
train,2025-09-17,NIFTY,ALPHA,CE,25200.0,8,196.68,147.51,270.44,227.81,DAYLIGHT,76.76,286.09,18312.3
train,2025-09-18,NIFTY,ALPHA,CE,25300.0,8,179.08,134.31,246.24,245.0,TARGET,72.0,305.91,39176.38
train,2025-09-25,BANKEX,ALPHA,PE,62500.0,18,217.27,162.95,298.75,162.14,STOP,72.25,188.62,-30032.57
train,2025-09-25,BANKEX,ALPHA,CE,61900.0,18,216.92,162.69,298.26,161.88,STOP,72.17,188.35,-29983.98
train,2025-09-18,NIFTY,ALPHA,PE,25500.0,16,98.91,74.18,136.0,73.81,STOP,77.06,193.7,-30389.46
train,2025-09-19,NIFTY,ALPHA,CE,25200.0,10,149.91,112.43,206.12,205.09,TARGET,74.23,319.0,40995.43
train,2025-09-19,NIFTY,ALPHA,CE,25200.0,10,148.68,111.51,204.43,152.58,THESIS_BROKEN,73.83,243.37,2613.24
train,2025-09-19,SENSEX,ALPHA,CE,82300.0,11,516.91,387.68,710.75,650.83,THESIS_BROKEN,70.75,293.44,29097.66
train,2025-09-19,NIFTY,ALPHA,CE,25200.0,10,156.95,117.71,215.8,184.77,THESIS_BROKEN,76.62,289.73,20501.27
train,2025-09-19,NIFTY,BETA,CE,25200.0,10,159.72,119.79,219.62,192.98,DAYLIGHT,77.55,301.54,24566.1
train,2025-09-22,SENSEX,ALPHA,PE,82600.0,22,270.6,202.95,372.08,355.91,THESIS_BROKEN,72.98,318.75,37145.33
train,2025-09-22,NIFTY,ALPHA,PE,25400.0,17,90.73,68.05,124.75,124.13,TARGET,75.71,327.53,42180.8
train,2025-09-22,SENSEX,ALPHA,CE,81900.0,11,519.2,389.4,713.9,589.89,THESIS_BROKEN,70.96,268.19,15211.71
train,2025-09-23,SENSEX,ALPHA,CE,81900.0,13,443.04,332.28,609.17,508.64,DAYLIGHT,71.38,272.84,16713.86
train,2025-09-24,SENSEX,ALPHA,PE,82100.0,26,229.72,172.29,315.87,171.43,STOP,73.13,191.61,-30576.82
train,2025-09-25,SENSEX,ALPHA,CE,81400.0,22,267.65,200.74,368.02,199.74,STOP,72.43,189.24,-30145.02
train,2025-09-25,SENSEX,ALPHA,CE,81300.0,21,279.31,209.48,384.05,382.13,TARGET,72.25,326.08,42786.8
train,2025-09-25,SENSEX,ALPHA,CE,81400.0,22,271.04,203.28,372.68,202.26,STOP,73.06,191.32,-30526.0
train,2025-09-25,SENSEX,ALPHA,CE,81300.0,25,235.93,176.95,324.4,176.06,STOP,72.52,189.52,-30195.4
train,2025-09-25,SENSEX,ALPHA,CE,81300.0,25,230.91,173.18,317.5,315.92,TARGET,71.47,321.31,42109.46
train,2025-09-25,FINNIFTY,GAMMA,PE,26500.0,24,120.91,90.68,166.25,165.42,TARGET,75.88,328.57,42325.85
train,2025-09-25,SENSEX,ALPHA,CE,81200.0,29,206.05,154.54,283.32,281.9,TARGET,73.16,331.75,43589.77
train,2025-09-25,SENSEX,ALPHA,CE,81200.0,33,176.66,132.5,242.91,241.69,TARGET,71.95,324.24,42525.57
train,2025-09-26,SENSEX,GAMMA,PE,81000.0,17,348.52,261.39,479.22,361.98,THESIS_BROKEN,72.73,255.55,4247.1
train,2025-09-26,FINNIFTY,GAMMA,PE,26200.0,23,125.75,94.31,172.91,150.1,THESIS_BROKEN,75.72,288.79,22031.74
train,2025-09-29,NIFTY,ALPHA,CE,24550.0,9,177.32,132.99,243.81,177.41,THESIS_BROKEN,77.52,253.58,-271.36
train,2025-09-29,FINNIFTY,GAMMA,PE,26050.0,29,101.38,76.03,139.39,97.76,THESIS_BROKEN,76.57,241.37,-4513.95
train,2025-09-29,NIFTY,ALPHA,CE,24550.0,9,162.71,122.03,223.73,162.58,THESIS_BROKEN,73.06,234.36,-394.5
train,2025-09-30,FINNIFTY,ALPHA,CE,25900.0,21,138.12,103.59,189.91,188.96,TARGET,75.86,328.42,42304.64
train,2025-09-30,FINNIFTY,ALPHA,CE,25900.0,24,124.96,93.72,171.82,170.96,TARGET,77.63,338.78,43744.45
train,2025-09-30,BANKNIFTY,ALPHA,CE,54400.0,35,225.19,168.89,309.64,308.09,TARGET,76.85,334.22,43110.8
train,2025-09-30,NIFTY,ALPHA,PE,24800.0,14,107.49,80.62,147.8,147.06,TARGET,74.44,320.13,41154.45
train,2025-09-30,BANKNIFTY,ALPHA,PE,54900.0,36,220.18,165.13,302.74,164.31,STOP,77.16,193.99,-30440.77
train,2025-09-30,BANKNIFTY,ALPHA,PE,54900.0,41,194.04,145.53,266.81,265.47,TARGET,77.35,337.14,43515.56
train,2025-09-30,NIFTY,ALPHA,CE,24550.0,20,77.4,58.05,106.42,57.76,STOP,75.9,189.98,-29724.73
train,2025-10-01,SENSEX,ALPHA,PE,80600.0,26,226.78,170.08,311.82,310.26,TARGET,72.51,327.66,43010.43
train,2025-10-01,NIFTY,ALPHA,PE,24800.0,11,144.54,108.41,198.74,197.75,TARGET,77.32,336.9,43483.03
train,2025-10-01,NIFTY,ALPHA,PE,24800.0,11,139.48,104.61,191.78,128.31,THESIS_BROKEN,75.44,226.89,-9521.5
train,2025-10-03,SENSEX,GAMMA,PE,81200.0,16,354.82,266.11,487.87,366.96,THESIS_BROKEN,70.68,244.91,3569.21
train,2025-10-03,NIFTY,BETA,CE,24700.0,11,142.03,106.52,195.29,194.32,TARGET,76.39,331.47,42727.7
train,2025-10-03,NIFTY,ALPHA,CE,24700.0,10,145.64,109.23,200.26,199.25,TARGET,72.81,310.59,39826.89
train,2025-10-07,SENSEX,GAMMA,PE,82200.0,20,287.58,215.69,395.43,278.85,THESIS_BROKEN,71.31,233.82,-3799.23
train,2025-10-07,NIFTY,ALPHA,PE,25250.0,22,72.38,54.28,99.52,54.01,STOP,77.4,194.76,-30576.76
train,2025-10-08,SENSEX,ALPHA,CE,81800.0,18,327.05,245.29,449.7,331.29,THESIS_BROKEN,72.43,248.37,1203.17
train,2025-10-15,BANKEX,GAMMA,PE,64100.0,6,613.18,459.89,843.13,693.32,THESIS_BROKEN,69.37,258.8,14095.59
train,2025-10-08,SENSEX,BETA,CE,81700.0,22,261.32,195.99,359.31,195.01,STOP,71.28,185.31,-29432.52
train,2025-10-16,BANKEX,ALPHA,PE,64500.0,7,528.0,396.0,726.0,722.37,TARGET,69.59,309.5,40438.61
train,2025-10-09,NIFTY,ALPHA,PE,25250.0,14,107.93,80.95,148.41,116.12,THESIS_BROKEN,74.65,257.74,8261.34
train,2025-10-09,SENSEX,ALPHA,CE,81800.0,30,198.88,149.16,273.46,272.09,TARGET,73.08,331.28,43523.26
train,2025-10-09,NIFTY,ALPHA,PE,25250.0,14,112.02,84.02,154.03,117.01,THESIS_BROKEN,76.58,259.54,4901.28
train,2025-10-17,BANKEX,ALPHA,PE,66000.0,5,763.58,572.68,1049.92,729.43,THESIS_BROKEN,71.09,229.81,-5422.12
train,2025-10-14,NIFTY,ALPHA,CE,25100.0,11,142.21,106.66,195.54,125.72,THESIS_BROKEN,76.45,222.78,-13903.27
train,2025-10-14,NIFTY,ALPHA,CE,25100.0,13,116.73,87.55,160.51,116.56,THESIS_BROKEN,74.86,241.86,-480.28
train,2025-10-14,SENSEX,GAMMA,PE,82200.0,16,371.49,278.62,510.8,445.26,THESIS_BROKEN,72.91,292.14,23241.51
train,2025-10-15,SENSEX,ALPHA,PE,82500.0,22,264.79,198.59,364.09,362.27,TARGET,71.93,324.01,42493.74
train,2025-10-15,SENSEX,BETA,CE,82300.0,18,327.93,245.95,450.91,448.65,TARGET,72.56,328.0,43058.63
train,2025-10-20,NIFTY,GAMMA,PE,25950.0,17,93.06,69.8,127.96,69.45,STOP,77.04,193.65,-30378.51
train,2025-10-29,BANKEX,ALPHA,CE,65400.0,10,378.71,284.03,520.72,518.12,TARGET,70.71,316.55,41436.3
train,2025-10-30,BANKEX,ALPHA,CE,65400.0,15,257.4,193.05,353.92,192.08,STOP,71.63,186.51,-29650.0
train,2025-10-30,BANKEX,ALPHA,CE,65300.0,14,282.0,211.5,387.74,276.66,THESIS_BROKEN,72.71,242.6,-2556.53
train,2025-10-30,BANKEX,ALPHA,CE,65300.0,14,269.02,201.76,369.9,368.05,TARGET,70.45,314.93,41207.86
train,2025-10-30,BANKEX,GAMMA,PE,65700.0,21,189.16,141.87,260.09,180.0,THESIS_BROKEN,73.02,237.31,-6081.44
train,2025-10-23,SENSEX,ALPHA,CE,84900.0,26,222.24,166.68,305.59,304.06,TARGET,71.53,321.59,42149.94
train,2025-10-23,FINNIFTY,BETA,CE,27600.0,14,207.15,155.36,284.83,208.95,THESIS_BROKEN,75.86,248.32,682.7
train,2025-10-24,BANKNIFTY,ALPHA,CE,57800.0,22,356.49,267.37,490.17,292.53,THESIS_BROKEN,76.59,208.99,-21391.72
train,2025-10-24,NIFTY,ALPHA,CE,25700.0,8,185.15,138.86,254.58,232.83,THESIS_BROKEN,73.64,291.89,28241.27
train,2025-10-24,NIFTY,ALPHA,CE,25700.0,9,176.4,132.3,242.54,171.69,THESIS_BROKEN,77.24,246.16,-3501.81
train,2025-10-27,NIFTY,ALPHA,PE,26100.0,16,95.57,71.68,131.41,130.75,TARGET,75.24,324.91,41817.01
train,2025-10-27,NIFTY,ALPHA,PE,26050.0,17,88.97,66.73,122.33,121.72,TARGET,74.69,321.64,41361.63
train,2025-10-27,BANKNIFTY,ALPHA,CE,57800.0,25,315.35,236.51,433.6,431.44,TARGET,76.86,334.3,43121.65
train,2025-10-27,NIFTY,ALPHA,PE,26100.0,16,98.82,74.12,135.88,135.2,TARGET,77.02,335.18,43243.3
train,2025-10-27,BANKNIFTY,ALPHA,CE,57800.0,24,325.86,244.4,448.06,445.82,TARGET,76.44,331.81,42776.88
train,2025-10-28,NIFTY,ALPHA,CE,25800.0,12,123.99,92.99,170.49,136.27,THESIS_BROKEN,73.87,259.12,10712.93
train,2025-10-28,NIFTY,GAMMA,PE,26000.0,15,102.52,76.89,140.97,140.26,TARGET,75.56,326.63,42055.51
train,2025-10-28,FINNIFTY,ALPHA,CE,27250.0,29,101.2,75.9,139.15,138.45,TARGET,76.48,332.03,42806.42
train,2025-10-28,NIFTY,ALPHA,CE,25750.0,14,113.21,84.91,155.67,84.48,STOP,77.14,193.95,-30435.01
train,2025-10-29,SENSEX,ALPHA,PE,85100.0,22,270.25,202.69,371.59,369.73,TARGET,72.92,330.2,43370.3
train,2025-10-29,SENSEX,ALPHA,PE,85100.0,23,260.22,195.16,357.8,220.39,THESIS_BROKEN,73.23,214.67,-18606.71
train,2025-10-30,SENSEX,ALPHA,CE,84400.0,22,270.6,202.95,372.08,201.94,STOP,72.98,191.06,-30476.53
train,2025-10-30,SENSEX,ALPHA,CE,84400.0,22,265.98,199.49,365.72,198.49,STOP,72.14,188.19,-29957.0
train,2025-10-30,SENSEX,ALPHA,CE,84400.0,24,243.06,182.29,334.2,332.53,TARGET,71.99,324.42,42551.59
train,2025-10-30,NIFTY,GAMMA,PE,26050.0,9,166.06,124.54,228.33,160.94,THESIS_BROKEN,74.08,232.22,-3758.76
train,2025-10-30,SENSEX,ALPHA,CE,84300.0,22,266.46,199.85,366.39,364.56,TARGET,72.22,325.91,42762.38
train,2025-10-30,SENSEX,ALPHA,CE,84300.0,27,216.74,162.56,298.02,161.75,STOP,72.14,188.22,-29959.71
train,2025-11-11,BANKEX,BETA,CE,64900.0,4,932.62,699.47,1282.36,1054.5,DAYLIGHT,70.01,262.1,14293.13
train,2025-11-03,NIFTY,ALPHA,PE,25900.0,13,115.1,86.33,158.27,157.48,TARGET,74.15,318.46,40920.73
train,2025-11-12,BANKEX,ALPHA,CE,65200.0,4,883.21,662.41,1214.42,998.63,DAYLIGHT,67.56,249.45,13533.36
train,2025-11-04,NIFTY,ALPHA,CE,25500.0,15,105.16,78.87,144.59,78.48,STOP,76.89,193.15,-30289.93
train,2025-11-14,BANKEX,GAMMA,PE,65600.0,7,548.02,411.01,753.53,619.64,THESIS_BROKEN,71.32,268.85,14699.24
train,2025-11-07,NIFTY,BETA,CE,25350.0,10,156.38,117.28,215.02,177.51,THESIS_BROKEN,76.43,279.28,15493.29
train,2025-11-18,BANKEX,ALPHA,PE,66400.0,6,588.54,441.41,809.25,568.1,THESIS_BROKEN,67.54,216.32,-3964.63
train,2025-11-10,NIFTY,ALPHA,CE,25500.0,11,138.69,104.02,190.7,189.74,TARGET,75.13,324.23,41720.62
train,2025-11-11,NIFTY,ALPHA,PE,25650.0,16,98.56,73.92,135.52,101.19,THESIS_BROKEN,76.88,256.8,2824.12
train,2025-11-11,NIFTY,BETA,CE,25450.0,14,109.82,82.37,151.01,150.25,TARGET,75.55,326.59,42048.27
train,2025-11-12,SENSEX,ALPHA,PE,84700.0,20,287.76,215.82,395.67,393.69,TARGET,71.33,320.39,41980.94
train,2025-11-13,SENSEX,ALPHA,CE,84300.0,28,211.95,158.96,291.43,289.97,TARGET,72.81,329.64,43290.63
train,2025-11-13,NIFTY,ALPHA,PE,26100.0,10,151.05,113.29,207.7,202.78,THESIS_BROKEN,74.64,315.67,38406.44
train,2025-11-24,BANKEX,ALPHA,CE,66000.0,8,462.22,346.67,635.55,632.37,TARGET,69.6,309.64,40457.9
train,2025-11-24,BANKEX,ALPHA,PE,66600.0,8,454.3,340.73,624.66,339.02,STOP,68.82,176.94,-27912.63
train,2025-11-17,NIFTY,ALPHA,PE,26100.0,13,115.98,86.99,159.48,158.68,TARGET,74.53,320.71,41233.95
train,2025-11-17,NIFTY,ALPHA,PE,26100.0,14,111.23,83.42,152.94,117.46,THESIS_BROKEN,76.2,260.45,6202.49
train,2025-11-18,SENSEX,ALPHA,PE,85100.0,15,391.29,293.47,538.03,455.16,THESIS_BROKEN,72.28,280.95,18807.99
train,2025-11-18,SENSEX,ALPHA,PE,85100.0,16,373.3,279.97,513.28,433.77,THESIS_BROKEN,73.13,285.21,18993.42
train,2025-11-18,NIFTY,ALPHA,PE,26050.0,21,76.16,57.12,104.73,104.2,TARGET,77.63,338.78,43743.24
train,2025-11-19,BANKNIFTY,ALPHA,PE,59200.0,21,374.0,280.5,514.25,401.88,THESIS_BROKEN,76.67,266.72,8438.97
train,2025-11-20,SENSEX,ALPHA,PE,85600.0,26,225.54,169.16,310.12,168.31,STOP,72.24,188.55,-30021.32
train,2025-11-20,SENSEX,ALPHA,PE,85700.0,26,228.49,171.37,314.18,235.17,THESIS_BROKEN,72.87,254.07,3144.71
train,2025-11-20,SENSEX,BETA,CE,85500.0,38,156.77,117.58,215.56,116.99,STOP,73.0,191.18,-30497.66
train,2025-11-21,BANKNIFTY,ALPHA,CE,58800.0,20,383.94,287.96,527.92,401.18,THESIS_BROKEN,75.5,254.73,4841.77
train,2025-11-21,BANKNIFTY,ALPHA,PE,59200.0,24,325.12,243.84,447.03,326.81,THESIS_BROKEN,76.33,249.55,283.15
train,2025-11-24,BANKNIFTY,ALPHA,CE,58900.0,27,285.82,214.37,393.01,213.3,STOP,75.74,189.5,-29639.02
train,2025-11-25,BANKNIFTY,ALPHA,PE,59200.0,30,262.64,196.98,361.12,359.32,TARGET,76.84,334.12,43096.33
train,2025-11-25,FINNIFTY,GAMMA,PE,27600.0,29,103.05,77.29,141.69,104.38,THESIS_BROKEN,77.45,256.12,1206.33
train,2025-11-25,FINNIFTY,ALPHA,CE,27400.0,25,117.66,88.24,161.78,108.65,THESIS_BROKEN,76.6,232.26,-9310.86
train,2025-11-25,NIFTY,ALPHA,PE,26100.0,14,107.14,80.36,147.32,146.58,TARGET,74.26,319.16,41019.54
train,2025-11-25,FINNIFTY,ALPHA,CE,27300.0,29,102.08,76.56,140.36,76.18,STOP,76.93,193.3,-30317.48
train,2025-11-26,NIFTY,ALPHA,PE,26250.0,10,157.43,118.07,216.47,182.33,THESIS_BROKEN,76.78,286.22,18313.31
train,2025-11-26,NIFTY,ALPHA,PE,26300.0,10,154.26,115.7,212.11,181.89,THESIS_BROKEN,75.72,285.58,20355.2
train,2025-11-26,NIFTY,ALPHA,PE,26300.0,9,167.02,125.27,229.66,166.76,THESIS_BROKEN,74.37,239.77,-490.99
train,2025-11-27,SENSEX,ALPHA,PE,86200.0,22,261.58,196.19,359.67,357.87,TARGET,71.33,320.38,41977.71
train,2025-11-27,SENSEX,ALPHA,PE,86200.0,25,236.63,177.47,325.37,323.74,TARGET,72.66,328.68,43153.74
train,2025-11-27,SENSEX,ALPHA,CE,85300.0,27,216.57,162.43,297.78,296.29,TARGET,72.1,325.15,42653.76
train,2025-11-27,NIFTY,GAMMA,PE,26300.0,11,136.22,102.17,187.31,161.14,THESIS_BROKEN,74.22,278.9,20202.79
train,2025-11-28,NIFTY,ALPHA,CE,26100.0,9,162.67,122.0,223.67,222.55,TARGET,73.05,312.08,40035.33
train,2025-11-28,NIFTY,ALPHA,CE,26100.0,10,151.93,113.95,208.91,207.86,TARGET,74.93,322.99,41549.56
train,2025-12-08,BANKEX,GAMMA,PE,66800.0,7,523.91,392.93,720.37,716.77,TARGET,69.23,307.28,40124.85
train,2025-11-28,NIFTY,ALPHA,CE,26100.0,10,157.61,118.21,216.71,215.63,TARGET,76.85,334.17,43103.56
train,2025-12-03,SENSEX,ALPHA,PE,85100.0,23,252.78,189.59,347.57,345.83,TARGET,71.82,323.43,42409.88
train,2025-12-03,SENSEX,ALPHA,PE,85200.0,20,291.06,218.3,400.21,291.54,THESIS_BROKEN,71.88,243.38,-125.26
train,2025-12-03,NIFTY,ALPHA,CE,25800.0,8,192.63,144.47,264.87,232.48,THESIS_BROKEN,75.67,291.48,23542.7
train,2025-12-04,SENSEX,ALPHA,CE,84900.0,28,212.04,159.03,291.55,290.09,TARGET,72.84,329.77,43308.61
train,2025-12-04,NIFTY,ALPHA,CE,25900.0,10,159.68,119.76,219.55,162.88,THESIS_BROKEN,77.54,258.19,2068.4
train,2025-12-05,NIFTY,ALPHA,PE,26200.0,14,111.06,83.29,152.7,109.2,THESIS_BROKEN,76.13,243.79,-2267.41
train,2025-12-05,NIFTY,BETA,CE,25950.0,10,146.96,110.22,202.07,201.06,TARGET,73.25,313.18,40188.31
train,2025-12-05,NIFTY,ALPHA,PE,26250.0,13,119.59,89.69,164.44,163.62,TARGET,76.13,329.96,42518.09
train,2025-12-05,NIFTY,ALPHA,PE,26300.0,14,109.91,82.43,151.13,150.37,TARGET,75.59,326.83,42082.0
train,2025-12-08,SENSEX,ALPHA,CE,85300.0,11,537.15,402.86,738.58,537.3,THESIS_BROKEN,72.61,246.39,-286.44
train,2025-12-08,NIFTY,ALPHA,CE,25900.0,9,162.62,121.97,223.61,222.49,TARGET,73.04,312.01,40024.47
train,2025-12-08,NIFTY,ALPHA,CE,25850.0,10,151.18,113.39,207.88,112.82,STOP,74.67,186.09,-29032.96
train,2025-12-08,SENSEX,ALPHA,CE,84800.0,11,503.18,377.39,691.88,688.42,TARGET,69.51,309.04,40373.06
train,2025-12-09,SENSEX,ALPHA,CE,84400.0,13,459.32,344.49,631.56,552.67,THESIS_BROKEN,73.12,294.41,23905.23
train,2025-12-09,SENSEX,ALPHA,PE,85100.0,17,350.06,262.55,481.34,430.74,THESIS_BROKEN,72.95,299.62,27055.74
train,2025-12-09,NIFTY,ALPHA,PE,26000.0,14,109.87,82.4,151.07,81.99,STOP,75.57,188.93,-29537.46
train,2025-12-09,NIFTY,ALPHA,PE,26000.0,16,95.3,71.48,131.04,71.12,STOP,75.1,187.51,-29282.68
train,2025-12-09,NIFTY,ALPHA,CE,25700.0,15,103.8,77.85,142.72,142.01,TARGET,76.19,330.4,42579.55
train,2025-12-10,SENSEX,ALPHA,PE,85100.0,20,291.06,218.3,400.21,360.39,THESIS_BROKEN,71.88,295.28,27364.44
train,2025-12-10,SENSEX,ALPHA,CE,84400.0,17,339.5,254.63,466.82,294.07,THESIS_BROKEN,71.47,212.04,-15730.31
train,2025-12-22,BANKEX,ALPHA,PE,66500.0,13,290.4,217.8,399.3,397.3,TARGET,70.57,315.62,41306.17
train,2025-12-22,BANKEX,ALPHA,PE,66500.0,15,255.73,191.8,351.63,349.87,TARGET,71.32,320.33,41971.29
train,2025-12-23,BANKEX,ALPHA,PE,66500.0,17,234.96,176.22,323.07,321.45,TARGET,73.28,332.57,43706.42
train,2025-12-15,NIFTY,ALPHA,PE,26100.0,13,116.64,87.48,160.39,159.58,TARGET,74.82,322.41,41468.85
train,2025-12-15,NIFTY,ALPHA,PE,26100.0,14,112.29,84.22,154.4,115.27,THESIS_BROKEN,76.71,256.04,2799.14
train,2025-12-23,BANKEX,ALPHA,PE,66500.0,17,223.78,167.84,307.7,306.16,TARGET,70.92,317.89,41625.24
train,2025-12-15,NIFTY,ALPHA,PE,26150.0,12,127.6,95.7,175.45,174.57,TARGET,75.33,325.34,41874.8
train,2025-12-16,NIFTY,ALPHA,CE,25800.0,13,117.26,87.95,161.23,160.43,TARGET,75.09,323.98,41688.11
train,2025-12-16,NIFTY,ALPHA,CE,25800.0,15,101.55,76.16,139.63,107.86,THESIS_BROKEN,75.06,256.63,6762.56
train,2025-12-17,SENSEX,ALPHA,CE,84300.0,16,359.88,269.91,494.83,492.36,TARGET,71.36,320.54,42001.49
train,2025-12-17,SENSEX,ALPHA,CE,84400.0,18,317.06,237.8,435.96,275.91,THESIS_BROKEN,70.93,210.8,-15095.91
train,2025-12-17,FINNIFTY,GAMMA,PE,27350.0,15,198.18,148.63,272.49,223.88,THESIS_BROKEN,77.16,281.55,15060.69
train,2025-12-18,SENSEX,ALPHA,PE,84600.0,26,223.21,167.41,306.92,305.38,TARGET,71.73,322.89,42333.74
train,2025-12-19,NIFTY,ALPHA,PE,26100.0,11,136.53,102.4,187.73,186.79,TARGET,74.33,319.54,41071.33
train,2025-12-22,SENSEX,ALPHA,PE,85700.0,17,343.11,257.33,471.78,352.18,THESIS_BROKEN,71.98,249.28,2761.95
train,2025-12-22,NIFTY,ALPHA,PE,26300.0,11,137.72,103.29,189.37,188.42,TARGET,74.78,322.13,41429.08
valid,2026-01-01,BANKEX,ALPHA,PE,67000.0,6,610.41,457.81,839.32,636.25,DAYLIGHT,69.17,239.44,4342.72
train,2025-12-23,NIFTY,ALPHA,PE,26300.0,14,111.19,83.39,152.88,152.12,TARGET,76.19,330.34,42571.11
train,2025-12-23,NIFTY,ALPHA,PE,26300.0,14,109.96,82.47,151.19,150.43,TARGET,75.6,326.94,42098.89
train,2025-12-23,FINNIFTY,ALPHA,PE,27700.0,19,157.61,118.21,216.71,162.38,THESIS_BROKEN,77.55,260.6,3291.61
train,2025-12-23,FINNIFTY,ALPHA,PE,27700.0,19,151.49,113.62,208.3,168.35,DAYLIGHT,75.46,269.32,12470.34
train,2025-12-23,NIFTY,ALPHA,PE,26300.0,15,105.2,78.9,144.66,92.04,THESIS_BROKEN,76.91,222.44,-15111.66
train,2025-12-24,SENSEX,ALPHA,CE,85300.0,27,220.04,165.03,302.56,301.05,TARGET,72.87,329.98,43339.15
train,2025-12-24,SENSEX,ALPHA,CE,85300.0,27,217.23,162.92,298.69,162.11,STOP,72.24,188.59,-30026.5
train,2025-12-24,SENSEX,ALPHA,CE,85200.0,30,194.92,146.19,268.01,266.67,TARGET,72.1,325.16,42655.69
valid,2026-01-05,BANKEX,GAMMA,PE,67700.0,5,696.83,522.62,958.14,687.89,DAYLIGHT,66.94,218.06,-1625.21
train,2025-12-26,BANKNIFTY,BETA,CE,58800.0,24,322.34,241.76,443.22,441.01,TARGET,75.87,328.48,42314.29
train,2025-12-26,BANKNIFTY,ALPHA,CE,58800.0,25,311.34,233.51,428.1,305.32,THESIS_BROKEN,76.19,243.47,-2580.25
valid,2026-01-06,BANKEX,ALPHA,PE,67900.0,6,648.82,486.62,892.13,681.72,THESIS_BROKEN,72.03,254.87,5595.15
train,2025-12-26,NIFTY,ALPHA,CE,25900.0,10,148.76,111.57,204.55,203.53,TARGET,73.86,316.74,40682.21
train,2025-12-29,FINNIFTY,ALPHA,CE,27250.0,25,117.74,88.31,161.9,87.87,STOP,76.64,192.35,-30146.53
train,2025-12-29,BANKNIFTY,ALPHA,PE,59100.0,34,233.24,174.93,320.71,174.06,STOP,77.18,194.07,-30455.94
train,2025-12-30,NIFTY,ALPHA,CE,25850.0,17,90.29,67.72,124.15,107.21,THESIS_BROKEN,75.46,286.11,21215.57
train,2025-12-30,BANKNIFTY,ALPHA,PE,59200.0,36,222.11,166.58,305.4,303.88,TARGET,77.63,338.72,43736.74
train,2025-12-30,SENSEX,ALPHA,CE,84300.0,15,377.65,283.24,519.27,516.68,TARGET,70.58,315.74,41320.62
train,2025-12-30,NIFTY,ALPHA,CE,25800.0,15,106.13,79.6,145.93,98.6,THESIS_BROKEN,77.38,236.63,-8777.95
train,2025-12-30,FINNIFTY,ALPHA,CE,27200.0,27,110.92,83.19,152.52,82.78,STOP,77.56,195.29,-30671.57
train,2025-12-30,BANKNIFTY,ALPHA,PE,59200.0,40,195.8,146.85,269.23,146.12,STOP,76.51,191.96,-30079.02
valid,2025-12-31,NIFTY,ALPHA,CE,25900.0,8,182.42,136.82,250.83,233.23,THESIS_BROKEN,72.9,292.34,30117.16
valid,2025-12-31,SENSEX,ALPHA,PE,85600.0,20,294.32,220.74,404.68,402.66,TARGET,72.42,327.16,42938.45
valid,2026-01-01,SENSEX,ALPHA,PE,85600.0,30,193.78,145.33,266.44,265.11,TARGET,71.82,323.39,42405.06
valid,2026-01-01,NIFTY,ALPHA,PE,26300.0,12,123.86,92.89,170.31,169.46,TARGET,73.81,316.48,40646.08
valid,2026-01-01,SENSEX,ALPHA,PE,85600.0,26,229.2,171.9,315.14,313.57,TARGET,73.02,330.9,43469.92
valid,2026-01-13,BANKEX,GAMMA,PE,84600.0,6,647.2,485.4,889.89,627.0,INVALIDATION,71.91,236.3,-3943.63
valid,2026-01-14,BANKEX,ALPHA,PE,67100.0,7,521.22,390.92,716.68,589.34,THESIS_BROKEN,68.98,256.84,13978.23
valid,2026-01-14,BANKEX,ALPHA,PE,67200.0,6,614.42,460.81,844.82,694.71,THESIS_BROKEN,69.46,259.28,14124.0
valid,2026-01-05,SENSEX,ALPHA,CE,85400.0,15,392.35,294.26,539.48,292.79,STOP,72.41,189.15,-30129.05
valid,2026-01-05,NIFTY,ALPHA,CE,26200.0,14,109.38,82.04,150.4,114.87,THESIS_BROKEN,75.33,255.23,5432.63
valid,2026-01-05,SENSEX,ALPHA,CE,85300.0,17,352.7,264.53,484.97,330.34,DAYLIGHT,73.33,235.27,-7912.36
valid,2026-01-06,SENSEX,BETA,CE,84800.0,15,393.27,294.95,540.75,538.05,TARGET,72.52,327.81,43031.65
valid,2026-01-07,SENSEX,ALPHA,PE,85200.0,22,269.24,201.93,370.2,368.35,TARGET,72.72,329.05,43207.73
valid,2026-01-07,NIFTY,ALPHA,CE,26000.0,9,167.46,125.6,230.26,229.11,TARGET,74.52,320.59,41217.08
valid,2026-01-07,SENSEX,GAMMA,PE,85200.0,23,254.5,190.87,349.93,300.89,THESIS_BROKEN,72.15,284.45,20983.72
valid,2026-01-07,NIFTY,ALPHA,PE,26300.0,12,133.06,99.79,182.95,182.04,TARGET,77.54,338.23,43667.35
valid,2026-01-19,BANKEX,ALPHA,CE,67300.0,6,619.78,464.84,852.2,679.73,THESIS_BROKEN,69.87,254.19,10466.98
valid,2026-01-07,SENSEX,ALPHA,CE,84600.0,18,329.08,246.81,452.48,245.57,STOP,72.72,190.22,-30324.03
valid,2026-01-07,SENSEX,GAMMA,PE,85000.0,26,224.4,168.3,308.55,214.87,THESIS_BROKEN,71.99,234.18,-5261.64
valid,2026-01-09,NIFTY,ALPHA,CE,25550.0,10,159.59,119.69,219.43,218.34,TARGET,77.52,338.07,43645.66
valid,2026-01-12,NIFTY,ALPHA,CE,25400.0,11,135.17,101.38,185.86,143.83,THESIS_BROKEN,73.83,251.48,6818.57
valid,2026-01-12,NIFTY,ALPHA,CE,25400.0,11,139.13,104.35,191.3,190.34,TARGET,75.29,325.18,41853.14
valid,2026-01-12,SENSEX,ALPHA,PE,84100.0,15,383.59,287.69,527.44,431.33,THESIS_BROKEN,71.32,267.47,13983.36
valid,2026-01-23,BANKEX,ALPHA,CE,66300.0,6,610.98,458.24,840.1,652.97,THESIS_BROKEN,69.2,245.12,7242.94
valid,2026-01-13,NIFTY,ALPHA,PE,25800.0,18,87.34,65.5,120.09,73.73,THESIS_BROKEN,76.71,214.75,-18665.64
valid,2026-01-14,SENSEX,GAMMA,PE,83900.0,28,213.97,160.48,294.21,159.68,STOP,73.28,192.13,-30670.83
valid,2026-01-28,BANKEX,BETA,CE,66800.0,11,358.12,268.59,492.41,410.04,THESIS_BROKEN,72.61,278.63,16783.52
valid,2026-01-16,SENSEX,ALPHA,PE,84200.0,14,413.95,310.46,569.18,566.34,TARGET,71.67,322.47,42273.96
valid,2026-01-19,NIFTY,ALPHA,CE,25400.0,11,140.1,105.07,192.63,191.67,TARGET,75.67,327.27,42144.65
valid,2026-01-29,BANKEX,ALPHA,PE,67600.0,18,220.0,165.0,302.5,164.18,STOP,72.86,190.68,-30409.04
valid,2026-01-19,NIFTY,ALPHA,CE,25400.0,11,133.72,100.29,183.86,182.94,TARGET,73.28,313.44,40223.25
valid,2026-01-29,BANKEX,ALPHA,PE,67700.0,18,220.0,165.0,302.5,164.18,STOP,72.86,190.68,-30409.04
valid,2026-01-19,NIFTY,ALPHA,PE,25700.0,13,115.1,86.33,158.27,117.16,THESIS_BROKEN,74.15,242.98,1688.69
valid,2026-01-20,NIFTY,GAMMA,PE,25600.0,13,117.52,88.14,161.6,160.79,TARGET,75.21,324.66,41782.06
valid,2026-01-20,NIFTY,GAMMA,PE,25600.0,13,116.12,87.09,159.66,158.86,TARGET,74.6,321.04,41280.93
valid,2026-01-30,BANKEX,ALPHA,PE,67400.0,4,969.54,727.15,1333.12,1006.19,DAYLIGHT,71.85,251.16,4075.44
valid,2026-01-20,NIFTY,ALPHA,CE,25300.0,13,120.74,90.55,166.01,90.1,STOP,76.63,192.3,-30139.77
valid,2026-01-20,NIFTY,ALPHA,CE,25300.0,13,115.85,86.89,159.3,109.05,THESIS_BROKEN,74.47,227.8,-6932.27
valid,2026-01-20,NIFTY,ALPHA,CE,25250.0,13,118.27,88.7,162.62,161.81,TARGET,75.55,326.59,42048.27
valid,2026-01-20,NIFTY,ALPHA,CE,25250.0,14,108.77,81.58,149.56,148.81,TARGET,75.04,323.66,41643.53
valid,2026-01-21,SENSEX,ALPHA,PE,82100.0,16,362.3,271.72,498.16,333.77,THESIS_BROKEN,71.68,224.9,-9424.02
valid,2026-01-22,SENSEX,ALPHA,CE,81800.0,21,284.33,213.25,390.95,281.14,THESIS_BROKEN,73.12,246.15,-1659.39
valid,2026-01-22,SENSEX,GAMMA,PE,82200.0,30,199.5,149.62,274.31,148.87,STOP,73.23,191.95,-30638.45
valid,2026-01-22,BANKNIFTY,ALPHA,CE,58800.0,16,495.48,371.61,681.29,677.88,TARGET,77.17,336.03,43362.81
valid,2026-01-23,FINNIFTY,GAMMA,PE,27250.0,19,154.79,116.09,212.84,211.77,TARGET,76.59,332.68,42897.66
valid,2026-01-23,FINNIFTY,GAMMA,PE,27150.0,21,141.55,106.16,194.63,193.66,TARGET,77.16,335.99,43357.03
valid,2026-01-23,BANKNIFTY,GAMMA,PE,59200.0,25,319.18,239.38,438.87,238.19,STOP,77.52,195.14,-30644.25
valid,2026-01-23,BANKNIFTY,GAMMA,PE,59200.0,27,293.0,219.75,402.87,392.43,THESIS_BROKEN,77.05,328.81,39864.1
valid,2026-01-27,BANKNIFTY,BETA,CE,58200.0,27,295.64,221.73,406.5,404.47,TARGET,77.53,338.18,43660.85
valid,2026-01-27,SENSEX,GAMMA,PE,81700.0,13,428.96,321.72,589.81,532.47,THESIS_BROKEN,69.85,284.51,26560.38
valid,2026-01-28,SENSEX,ALPHA,CE,81900.0,14,416.37,312.28,572.51,357.65,THESIS_BROKEN,71.95,212.34,-16725.68
valid,2026-01-28,SENSEX,GAMMA,PE,82200.0,17,333.78,250.34,458.95,456.66,TARGET,70.65,316.23,41390.36
valid,2026-01-29,SENSEX,GAMMA,PE,82200.0,25,239.84,179.88,329.79,178.98,STOP,73.33,192.26,-30695.8
valid,2026-02-03,NIFTY,GAMMA,PE,25850.0,12,124.08,93.06,170.61,92.59,STOP,73.9,183.63,-28594.3
valid,2026-02-04,SENSEX,ALPHA,CE,83400.0,17,344.92,258.69,474.26,417.9,THESIS_BROKEN,72.23,291.39,24450.94
valid,2026-02-17,BANKEX,ALPHA,PE,68800.0,6,604.65,453.49,831.39,688.49,THESIS_BROKEN,68.74,257.16,14765.71
valid,2026-02-04,SENSEX,ALPHA,PE,84100.0,17,337.88,253.41,464.58,462.26,TARGET,71.24,319.81,41898.35
valid,2026-02-05,SENSEX,GAMMA,PE,83800.0,21,274.74,206.05,377.76,375.87,TARGET,71.45,321.13,42085.04
valid,2026-02-06,NIFTY,GAMMA,PE,25650.0,11,140.62,105.47,193.36,192.39,TARGET,75.86,328.41,42303.68
valid,2026-02-06,NIFTY,BETA,CE,25450.0,9,162.32,121.74,223.18,164.97,THESIS_BROKEN,72.96,237.45,1481.72
valid,2026-02-19,BANKEX,ALPHA,CE,68800.0,7,522.72,392.04,718.74,390.08,STOP,69.12,177.99,-28101.55
valid,2026-02-20,BANKEX,ALPHA,PE,69100.0,7,568.39,426.29,781.54,618.74,THESIS_BROKEN,73.09,268.48,10231.67
valid,2026-02-10,SENSEX,ALPHA,PE,84600.0,15,392.88,294.66,540.2,428.7,THESIS_BROKEN,72.49,265.99,10407.45
valid,2026-02-10,SENSEX,ALPHA,PE,84600.0,16,359.17,269.38,493.86,423.87,THESIS_BROKEN,71.25,279.24,20352.87
valid,2026-02-10,NIFTY,ALPHA,PE,26100.0,14,108.33,81.25,148.95,148.21,TARGET,74.82,322.45,41474.89
valid,2026-02-10,NIFTY,ALPHA,PE,26100.0,13,117.13,87.85,161.05,160.25,TARGET,75.03,323.65,41641.12
valid,2026-02-10,NIFTY,ALPHA,CE,25800.0,14,109.56,82.17,150.65,149.89,TARGET,75.43,325.85,41947.08
valid,2026-02-10,NIFTY,ALPHA,CE,25800.0,16,95.0,71.25,130.62,129.97,TARGET,74.94,323.11,41566.43
valid,2026-02-11,NIFTY,ALPHA,CE,25800.0,7,202.4,151.8,278.3,245.27,THESIS_BROKEN,71.46,270.89,22163.09
valid,2026-02-11,FINNIFTY,ALPHA,CE,28100.0,10,281.2,210.9,386.66,309.94,THESIS_BROKEN,74.25,261.69,11159.46
valid,2026-02-11,NIFTY,ALPHA,CE,25800.0,8,185.86,139.39,255.55,226.46,THESIS_BROKEN,73.83,284.55,24005.22
valid,2026-02-25,BANKEX,ALPHA,PE,69000.0,11,342.32,256.74,470.69,420.74,THESIS_BROKEN,70.44,285.27,25521.49
valid,2026-02-12,SENSEX,GAMMA,PE,84000.0,32,186.82,140.12,256.88,139.42,STOP,73.19,191.77,-30605.18
valid,2026-02-12,SENSEX,ALPHA,CE,83600.0,25,233.51,175.13,321.07,319.47,TARGET,72.02,324.64,42583.41
valid,2026-02-25,BANKEX,BETA,CE,68400.0,9,421.34,316.01,579.35,314.43,STOP,70.77,183.59,-29121.69
valid,2026-02-12,NIFTY,BETA,CE,25700.0,8,179.17,134.38,246.36,174.87,THESIS_BROKEN,72.03,225.08,-2875.16
valid,2026-02-13,NIFTY,ALPHA,CE,25400.0,9,171.51,128.63,235.83,234.65,TARGET,75.74,327.77,42214.54
valid,2026-02-16,SENSEX,ALPHA,CE,82400.0,11,511.81,383.86,703.74,700.22,TARGET,70.29,313.93,41065.83
valid,2026-02-26,BANKEX,ALPHA,CE,68300.0,19,210.45,157.84,289.37,157.05,STOP,73.35,192.31,-30704.91
valid,2026-02-26,BANKEX,GAMMA,PE,68800.0,21,186.56,139.92,256.52,139.22,STOP,72.35,188.91,-30085.21
valid,2026-02-16,NIFTY,ALPHA,PE,25650.0,12,130.86,98.14,179.93,179.03,TARGET,76.64,333.03,42944.56
valid,2026-02-16,SENSEX,ALPHA,PE,83200.0,13,435.95,326.96,599.43,389.09,THESIS_BROKEN,70.6,214.27,-12467.75
valid,2026-02-18,NIFTY,GAMMA,PE,25800.0,9,163.68,122.76,225.06,175.72,THESIS_BROKEN,73.36,251.38,7800.23
valid,2026-02-18,SENSEX,ALPHA,PE,83600.0,21,276.19,207.14,379.76,265.17,THESIS_BROKEN,71.71,233.51,-4933.83
valid,2026-02-18,SENSEX,ALPHA,PE,83600.0,22,263.47,197.6,362.27,360.46,TARGET,71.68,322.53,42281.67
valid,2026-02-18,SENSEX,ALPHA,PE,83700.0,19,307.56,230.67,422.89,298.05,THESIS_BROKEN,72.07,237.06,-3922.07
valid,2026-02-19,SENSEX,ALPHA,CE,83400.0,24,247.37,185.53,340.13,338.43,TARGET,72.84,329.76,43307.33
valid,2026-02-19,SENSEX,ALPHA,CE,83400.0,23,258.76,194.07,355.8,193.1,STOP,72.96,191.01,-30468.2
valid,2026-02-19,FINNIFTY,BETA,CE,28250.0,14,204.16,153.12,280.72,181.14,THESIS_BROKEN,75.09,218.41,-13184.84
valid,2026-02-19,BANKNIFTY,ALPHA,CE,60800.0,19,418.04,313.53,574.81,571.94,TARGET,77.27,336.63,43445.45
valid,2026-02-23,BANKNIFTY,BETA,CE,61000.0,25,319.92,239.94,439.9,330.84,THESIS_BROKEN,77.64,261.86,3753.06
valid,2026-02-23,BANKNIFTY,BETA,CE,60900.0,23,346.59,259.94,476.56,395.81,THESIS_BROKEN,77.47,285.85,16618.62
valid,2026-02-23,FINNIFTY,ALPHA,CE,28300.0,20,147.71,110.78,203.1,202.08,TARGET,76.82,334.07,43089.12
valid,2026-02-23,BANKNIFTY,ALPHA,CE,60900.0,25,317.55,238.16,436.63,434.45,TARGET,77.24,336.47,43422.8
valid,2026-02-24,NIFTY,ALPHA,CE,25400.0,16,97.94,73.46,134.67,73.09,STOP,76.55,192.04,-30092.54
valid,2026-02-24,BANKNIFTY,BETA,CE,60800.0,34,231.84,173.88,318.77,233.23,THESIS_BROKEN,76.86,252.03,381.03
valid,2026-02-24,BANKNIFTY,ALPHA,CE,60800.0,32,249.83,187.37,343.52,186.44,STOP,77.62,195.46,-30702.62
valid,2026-02-24,NIFTY,GAMMA,PE,25500.0,15,102.96,77.22,141.57,76.83,STOP,75.78,189.6,-29657.24
valid,2026-02-25,NIFTY,BETA,CE,25500.0,7,208.38,156.29,286.53,224.87,THESIS_BROKEN,72.88,250.33,8331.94
valid,2026-02-25,SENSEX,GAMMA,PE,82500.0,17,343.29,257.47,472.02,366.96,THESIS_BROKEN,72.0,258.74,7716.38
valid,2026-02-26,SENSEX,ALPHA,PE,82600.0,24,242.84,182.13,333.9,332.23,TARGET,71.94,324.16,42513.02
valid,2026-02-26,SENSEX,ALPHA,PE,82600.0,24,249.44,187.08,342.97,341.26,TARGET,73.25,332.32,43669.77
valid,2026-02-26,SENSEX,ALPHA,CE,81900.0,28,208.21,156.16,286.29,284.85,TARGET,71.95,324.24,42525.89
valid,2026-02-26,NIFTY,BETA,CE,25350.0,8,186.38,139.79,256.28,217.06,THESIS_BROKEN,73.96,273.7,18057.49
valid,2026-02-26,NIFTY,BETA,CE,25350.0,8,183.92,137.94,252.89,201.98,THESIS_BROKEN,73.31,256.34,10509.35
valid,2026-02-26,SENSEX,ALPHA,CE,81900.0,26,228.76,171.57,314.54,170.71,STOP,72.93,190.9,-30448.18
valid,2026-02-26,SENSEX,ALPHA,CE,81900.0,36,163.55,122.66,224.88,223.75,TARGET,72.43,327.22,42948.75
valid,2026-02-27,NIFTY,ALPHA,CE,25200.0,9,163.64,122.73,225.0,164.18,THESIS_BROKEN,73.34,236.42,54.07
valid,2026-03-02,NIFTY,ALPHA,CE,24700.0,16,98.38,73.79,135.28,97.61,THESIS_BROKEN,76.78,248.55,-1254.73
valid,2026-03-23,BANKEX,ALPHA,PE,58700.0,4,842.07,631.55,1157.85,628.4,STOP,65.5,165.72,-25872.31
valid,2026-03-24,BANKEX,ALPHA,PE,59000.0,4,814.7,611.03,1120.22,798.34,THESIS_BROKEN,64.14,204.16,-2232.19
valid,2026-04-02,BANKEX,BETA,CE,57300.0,2,1625.98,1219.48,2235.72,1838.46,DAYLIGHT,64.06,231.49,12453.58
valid,2026-03-12,SENSEX,BETA,CE,76200.0,25,230.96,173.22,317.56,172.35,STOP,71.49,186.02,-29560.05
valid,2026-03-12,SENSEX,ALPHA,CE,75900.0,36,166.28,124.71,228.63,227.49,TARGET,73.25,332.29,43665.91
valid,2026-04-13,BANKEX,BETA,CE,62400.0,2,1424.41,1068.31,1958.57,1570.31,DAYLIGHT,59.05,201.17,8493.6
valid,2026-03-16,NIFTY,ALPHA,PE,23300.0,7,200.9,150.68,276.24,248.8,THESIS_BROKEN,71.11,274.45,24799.71
valid,2026-04-16,BANKEX,ALPHA,PE,63600.0,3,1062.82,797.12,1461.38,1201.71,THESIS_BROKEN,63.27,227.44,12209.5
valid,2026-03-19,SENSEX,BETA,CE,74800.0,23,258.15,193.61,354.95,269.79,THESIS_BROKEN,72.84,257.49,5026.94
valid,2026-03-24,NIFTY,GAMMA,PE,22850.0,11,137.98,103.49,189.73,188.78,TARGET,74.88,322.7,41508.59
test,2026-04-24,BANKEX,GAMMA,PE,63400.0,5,699.86,524.9,962.31,825.4,THESIS_BROKEN,67.13,256.95,18506.66
test,2026-04-27,BANKEX,ALPHA,CE,62800.0,5,715.57,536.68,983.91,797.04,THESIS_BROKEN,68.11,248.94,11903.86
valid,2026-03-30,FINNIFTY,GAMMA,PE,24100.0,16,185.81,139.36,255.49,254.21,TARGET,77.17,336.04,43364.1
valid,2026-03-30,FINNIFTY,GAMMA,PE,24000.0,18,158.4,118.8,217.8,216.71,TARGET,74.96,323.26,41585.7
valid,2026-03-30,FINNIFTY,GAMMA,PE,23950.0,18,163.02,122.27,224.15,223.03,TARGET,76.48,331.98,42799.99
test,2026-04-27,BANKEX,ALPHA,PE,63700.0,7,560.03,420.02,770.04,589.94,DAYLIGHT,72.37,257.08,5950.28
valid,2026-03-30,NIFTY,BETA,CE,22500.0,9,162.23,121.67,223.06,121.06,STOP,72.93,180.54,-28040.08
valid,2026-03-30,FINNIFTY,GAMMA,PE,23850.0,23,126.24,94.68,173.57,94.2,STOP,75.91,190.04,-29735.74
test,2026-04-29,BANKEX,ALPHA,PE,63100.0,10,385.57,289.18,530.16,527.51,TARGET,71.57,321.86,42188.18
valid,2026-04-07,FINNIFTY,ALPHA,PE,24650.0,4,694.94,521.2,955.54,706.8,THESIS_BROKEN,73.69,240.77,1583.5
test,2026-04-29,BANKEX,ALPHA,CE,62300.0,10,382.23,286.67,525.56,394.07,THESIS_BROKEN,71.15,246.41,3234.96
test,2026-05-07,BANKEX,BETA,CE,62700.0,3,1304.51,978.38,1793.7,1486.78,THESIS_BROKEN,72.29,275.79,16055.93
valid,2026-04-09,SENSEX,GAMMA,PE,77200.0,18,326.39,244.79,448.79,446.55,TARGET,72.33,326.57,42856.2
valid,2026-04-09,NIFTY,GAMMA,PE,23850.0,7,209.53,157.15,288.1,210.34,THESIS_BROKEN,73.14,235.67,119.07
valid,2026-04-10,NIFTY,ALPHA,CE,23900.0,8,196.2,147.15,269.77,211.49,THESIS_BROKEN,76.63,267.29,8830.83
valid,2026-04-10,NIFTY,ALPHA,CE,23900.0,8,191.27,143.45,262.99,234.17,THESIS_BROKEN,75.28,293.43,25374.44
valid,2026-04-15,SENSEX,ALPHA,CE,77900.0,14,403.92,302.94,555.39,461.48,THESIS_BROKEN,70.5,267.12,15779.46
test,2026-05-20,BANKEX,ALPHA,CE,59900.0,4,822.36,616.77,1130.74,1030.22,THESIS_BROKEN,64.52,256.59,24622.45
valid,2026-04-21,NIFTY,BETA,CE,24400.0,15,102.39,76.79,140.78,140.08,TARGET,75.5,326.24,42001.29
test,2026-04-27,FINNIFTY,ALPHA,PE,26300.0,17,169.93,127.45,233.65,175.17,THESIS_BROKEN,75.66,252.36,3236.37
test,2026-05-26,BANKEX,GAMMA,PE,62300.0,11,340.96,255.72,468.81,385.51,THESIS_BROKEN,70.26,263.38,14370.09
test,2026-04-27,FINNIFTY,ALPHA,PE,26300.0,18,159.72,119.79,219.62,183.03,DAYLIGHT,75.39,276.67,16431.32
test,2026-05-27,BANKEX,ALPHA,CE,61800.0,13,290.4,217.8,399.3,397.3,TARGET,70.57,315.62,41306.17
test,2026-05-27,BANKEX,ALPHA,CE,61900.0,18,221.19,165.89,304.13,165.06,STOP,73.13,191.59,-30573.01
test,2026-04-28,FINNIFTY,ALPHA,CE,25900.0,35,84.48,63.36,116.16,115.58,TARGET,76.88,334.35,43127.65
test,2026-04-28,FINNIFTY,ALPHA,PE,26100.0,43,68.46,51.35,94.14,93.67,TARGET,76.64,333.0,42940.05
test,2026-04-28,BANKNIFTY,ALPHA,CE,55300.0,34,232.32,174.24,319.44,238.2,THESIS_BROKEN,76.96,256.91,2666.46
test,2026-04-28,NIFTY,ALPHA,CE,23900.0,18,88.4,66.3,121.54,120.94,TARGET,77.35,337.14,43515.56
test,2026-04-28,NIFTY,ALPHA,CE,23950.0,21,74.98,56.23,103.09,82.29,THESIS_BROKEN,76.79,272.49,11164.76
test,2026-06-05,BANKEX,ALPHA,PE,61700.0,3,1044.43,783.32,1436.09,1180.92,DAYLIGHT,62.58,223.91,11997.41
test,2026-05-04,NIFTY,GAMMA,PE,24250.0,10,152.59,114.44,209.81,208.76,TARGET,75.14,324.29,41730.27
test,2026-05-05,NIFTY,BETA,CE,23950.0,19,82.59,61.94,113.56,112.99,TARGET,76.62,332.82,42914.42
test,2026-05-05,NIFTY,ALPHA,CE,23900.0,16,96.76,72.57,133.04,132.37,TARGET,75.9,328.65,42337.41
test,2026-06-10,BANKEX,ALPHA,PE,62600.0,4,970.46,727.85,1334.39,1069.87,THESIS_BROKEN,71.89,265.57,11591.71
test,2026-05-07,SENSEX,BETA,CE,77800.0,21,278.34,208.76,382.72,252.03,THESIS_BROKEN,72.08,223.1,-11345.59
test,2026-05-07,SENSEX,BETA,CE,77800.0,26,229.46,172.09,315.51,171.23,STOP,73.08,191.41,-30541.74
test,2026-05-07,SENSEX,BETA,CE,77800.0,24,243.36,182.52,334.63,332.95,TARGET,72.03,324.81,42605.58
test,2026-05-11,NIFTY,ALPHA,PE,24100.0,12,132.66,99.5,182.41,181.5,TARGET,77.38,337.3,43537.24
test,2026-05-18,FINNIFTY,ALPHA,CE,24900.0,7,421.26,315.94,579.23,470.78,THESIS_BROKEN,76.73,276.75,13514.43
test,2026-05-18,FINNIFTY,BETA,CE,24950.0,6,442.73,332.05,608.75,500.58,DAYLIGHT,71.46,254.33,13559.77
test,2026-05-13,SENSEX,ALPHA,PE,75100.0,14,418.09,313.57,574.87,572.0,TARGET,72.15,325.45,42696.82
test,2026-06-22,BANKEX,GAMMA,PE,65600.0,8,493.55,370.16,678.63,531.18,THESIS_BROKEN,72.72,263.87,8695.27
test,2026-05-22,FINNIFTY,BETA,CE,25450.0,12,234.78,176.09,322.83,256.31,THESIS_BROKEN,74.36,259.87,9999.21
test,2026-05-18,NIFTY,BETA,CE,23500.0,10,156.68,117.51,215.44,214.36,TARGET,76.54,332.35,42850.58
test,2026-05-25,FINNIFTY,ALPHA,PE,26100.0,17,169.44,127.08,232.99,171.19,THESIS_BROKEN,75.51,247.16,864.44
test,2026-05-19,NIFTY,ALPHA,CE,23600.0,14,113.83,85.37,156.51,84.94,STOP,77.45,194.89,-30600.39
test,2026-05-19,SENSEX,ALPHA,CE,75300.0,12,497.51,373.13,684.07,529.04,THESIS_BROKEN,73.12,262.9,7232.02
test,2026-05-19,NIFTY,ALPHA,CE,23600.0,15,104.32,78.24,143.45,77.85,STOP,76.47,191.8,-30049.51
test,2026-05-26,FINNIFTY,BETA,CE,26000.0,25,116.95,87.71,160.81,160.0,TARGET,76.28,330.88,42645.8
test,2026-05-19,NIFTY,ALPHA,CE,23600.0,18,85.89,64.42,118.1,64.09,STOP,75.84,189.77,-29687.62
test,2026-05-20,SENSEX,ALPHA,PE,75600.0,15,391.86,293.9,538.81,505.41,THESIS_BROKEN,72.36,309.36,33682.15
test,2026-05-21,SENSEX,ALPHA,CE,74900.0,24,246.93,185.2,339.53,299.25,THESIS_BROKEN,72.76,294.31,24745.69
test,2026-05-21,NIFTY,GAMMA,PE,23800.0,7,217.71,163.28,299.35,297.86,TARGET,75.08,323.91,41677.26
test,2026-05-22,BANKNIFTY,ALPHA,CE,53800.0,14,541.29,405.97,744.27,544.61,THESIS_BROKEN,74.8,243.22,380.28
test,2026-05-25,BANKNIFTY,ALPHA,PE,55100.0,23,338.8,254.1,465.85,279.05,THESIS_BROKEN,76.26,208.48,-20899.27
test,2026-05-25,NIFTY,ALPHA,PE,24100.0,11,138.2,103.65,190.03,189.08,TARGET,74.95,323.17,41574.87
test,2026-05-25,NIFTY,ALPHA,PE,24100.0,11,139.61,104.71,191.97,191.01,TARGET,75.5,326.23,41998.87
test,2026-05-25,NIFTY,ALPHA,PE,24100.0,11,138.29,103.72,190.15,189.2,TARGET,74.99,323.37,41601.35
test,2026-05-25,NIFTY,ALPHA,PE,24100.0,12,128.04,96.03,176.06,129.6,THESIS_BROKEN,75.52,247.6,1079.76
test,2026-05-26,BANKNIFTY,ALPHA,CE,54900.0,43,183.92,137.94,252.89,251.63,TARGET,77.04,335.28,43257.76
test,2026-05-26,SENSEX,ALPHA,CE,75800.0,15,377.52,283.14,519.09,395.21,THESIS_BROKEN,70.57,247.06,4990.57
test,2026-05-26,BANKNIFTY,ALPHA,CE,54800.0,35,227.39,170.54,312.66,311.1,TARGET,77.38,337.25,43532.43
test,2026-05-27,SENSEX,GAMMA,PE,76200.0,28,209.4,157.05,287.92,156.26,STOP,72.23,188.52,-30015.92
test,2026-05-29,NIFTY,ALPHA,CE,23800.0,7,202.71,152.03,278.72,254.97,THESIS_BROKEN,71.54,280.66,27084.69
test,2026-06-01,NIFTY,ALPHA,CE,23400.0,9,168.3,126.23,231.41,230.26,TARGET,74.77,322.08,41423.07
test,2026-06-04,SENSEX,ALPHA,CE,73900.0,21,280.28,210.21,385.39,383.46,TARGET,72.42,327.13,42935.24
test,2026-06-04,SENSEX,ALPHA,PE,74600.0,22,261.49,196.12,359.55,357.75,TARGET,71.31,320.28,41963.58
test,2026-06-11,FINNIFTY,BETA,CE,25150.0,6,492.98,369.73,677.84,557.4,THESIS_BROKEN,76.9,280.5,15104.12
test,2026-06-04,SENSEX,ALPHA,PE,74600.0,38,157.74,118.31,216.89,215.81,TARGET,73.31,332.7,43725.7
test,2026-06-05,NIFTY,ALPHA,CE,23300.0,7,212.83,159.62,292.64,225.42,THESIS_BROKEN,73.93,250.88,6284.55
test,2026-06-05,NIFTY,GAMMA,PE,23450.0,9,172.17,129.13,236.74,235.55,TARGET,75.95,328.95,42377.15
test,2026-06-15,FINNIFTY,BETA,CE,26250.0,7,422.4,316.8,580.8,477.6,THESIS_BROKEN,76.88,280.41,15098.71
test,2026-06-09,SENSEX,ALPHA,PE,74200.0,16,369.51,277.13,508.08,428.1,DAYLIGHT,72.64,281.79,18393.33
test,2026-06-11,SENSEX,ALPHA,PE,74100.0,23,259.95,194.96,357.43,226.51,THESIS_BROKEN,73.19,219.96,-15675.66
test,2026-06-11,SENSEX,ALPHA,CE,73800.0,27,220.66,165.5,303.41,301.89,TARGET,73.01,330.84,43460.6
test,2026-07-24,BANKEX,BETA,CE,64000.0,6,646.14,484.61,888.44,796.2,DAYLIGHT,71.83,293.7,26645.09
test,2026-06-23,FINNIFTY,BETA,CE,26550.0,12,233.68,175.26,321.32,195.77,THESIS_BROKEN,74.12,204.06,-18478.7
test,2026-07-28,BANKEX,ALPHA,CE,64400.0,9,416.99,312.74,573.36,311.18,STOP,70.29,181.95,-28821.13
test,2026-06-16,NIFTY,ALPHA,CE,23800.0,15,103.14,77.35,141.81,141.1,TARGET,75.86,328.45,42308.5
test,2026-06-16,NIFTY,ALPHA,CE,23800.0,14,110.18,82.63,151.49,150.73,TARGET,75.71,327.55,42183.21
test,2026-06-16,NIFTY,ALPHA,CE,23800.0,15,106.66,79.99,146.65,145.92,TARGET,77.65,338.85,43754.08
test,2026-07-30,BANKEX,ALPHA,CE,64300.0,17,228.84,171.63,314.66,225.72,THESIS_BROKEN,72.0,240.55,-1907.96
test,2026-06-17,SENSEX,ALPHA,CE,76800.0,17,350.06,262.55,481.34,361.38,THESIS_BROKEN,72.95,255.17,3520.68
test,2026-06-18,NIFTY,ALPHA,PE,24200.0,8,178.95,134.21,246.05,173.78,THESIS_BROKEN,71.97,223.83,-3398.55
test,2026-06-18,SENSEX,ALPHA,CE,76900.0,28,212.96,159.72,292.82,291.36,TARGET,73.06,331.1,43497.54
test,2026-06-18,SENSEX,BETA,CE,76800.0,24,242.0,181.5,332.75,331.09,TARGET,71.77,323.12,42366.51
test,2026-06-18,SENSEX,ALPHA,CE,76900.0,27,214.54,160.91,295.0,293.52,TARGET,71.65,322.32,42254.7
test,2026-06-18,NIFTY,ALPHA,PE,24200.0,8,189.86,142.4,261.06,235.32,THESIS_BROKEN,74.91,294.76,26904.83
test,2026-06-19,NIFTY,ALPHA,PE,24100.0,9,167.33,125.5,230.08,167.71,THESIS_BROKEN,74.47,240.99,-62.17
test,2026-06-22,NIFTY,ALPHA,CE,24000.0,11,138.42,103.82,190.33,189.38,TARGET,75.03,323.65,41641.12
test,2026-06-30,FINNIFTY,ALPHA,CE,26550.0,39,76.47,57.35,105.15,57.07,STOP,77.34,194.58,-30543.36
test,2026-06-23,NIFTY,ALPHA,CE,24000.0,15,106.61,79.96,146.59,106.12,THESIS_BROKEN,77.62,252.87,-887.65
test,2026-06-23,SENSEX,GAMMA,PE,76700.0,15,398.46,298.85,547.89,400.89,THESIS_BROKEN,73.17,250.27,403.01
test,2026-06-24,SENSEX,ALPHA,PE,77100.0,17,343.38,257.53,472.14,388.7,THESIS_BROKEN,72.01,272.67,15064.37
test,2026-06-24,SENSEX,ALPHA,PE,77100.0,17,339.15,254.36,466.33,308.6,THESIS_BROKEN,71.43,221.35,-10680.72
test,2026-06-25,SENSEX,ALPHA,PE,77600.0,24,248.47,186.35,341.64,201.44,THESIS_BROKEN,73.06,205.83,-22853.41
test,2026-06-24,NIFTY,ALPHA,CE,23900.0,8,192.1,144.08,264.14,221.34,DAYLIGHT,75.53,278.63,17186.09
